Build started 4/19/2026 11:51:33 PM.
Logging verbosity is set to: Detailed.     0>Terminal Logger was not used because the output is being redirected to a file.
       Process = "C:\Program Files\dotnet\dotnet.exe"
       MSBuild executable path = "C:\Program Files\dotnet\sdk\10.0.300-preview.0.26177.108\MSBuild.exe"
       Command line arguments = "C:\Program Files\dotnet\sdk\10.0.300-preview.0.26177.108\MSBuild.exe -maxcpucount --verbosity:m -tlp:default=auto --property:NuGetInteractive=false --restoreProperty:NuGetInteractive=false --restoreProperty:EnableDefaultCompileItems=false --restoreProperty:EnableDefaultEmbeddedResourceItems=false --restoreProperty:EnableDefaultNoneItems=false --nologo -fl -flp:logfile=build_errors.log -consoleloggerparameters:Summary -restore -distributedlogger:Microsoft.DotNet.Cli.Commands.MSBuild.MSBuildLogger,C:\Program Files\dotnet\sdk\10.0.300-preview.0.26177.108\dotnet.dll*Microsoft.DotNet.Cli.Commands.MSBuild.MSBuildForwardingLogger,C:\Program Files\dotnet\sdk\10.0.300-preview.0.26177.108\dotnet.dll"
       Current directory = "D:\TaskManager\TaskManagerPlus\TaskManagerPlus"
       MSBuild version = "18.6.0-preview-26177-108+cf1948f9c"
       Based on the Windows registry key LongPathsEnabled, the LongPaths feature is disabled.
       Based on the Windows registry key VerifiedAndReputablePolicyState, SAC state = 0: turned off.
       D:\TaskManager\TaskManagerPlus\TaskManagerPlus\TaskManagerPlus.sln.metaproj : message : Property 'MSBuildExtensionsPath' with value 'C:\Program Files\dotnet\sdk\10.0.300-preview.0.26177.108\' expanded from the environment.
       Assembly loaded during Evaluation: System.Threading.Tasks.Parallel, Version=10.0.0.0, Culture=neutral, PublicKeyToken=b03f5f7f11d50a3a (location: C:\Program Files\dotnet\shared\Microsoft.NETCore.App\10.0.5\System.Threading.Tasks.Parallel.dll, MVID: 5bd459e2-2741-47c1-827e-e155dad5f942, AssemblyLoadContext: Default)
       The "NuGetInteractive" property is a global property, and cannot be modified.
       C:\Program Files\dotnet\sdk\10.0.300-preview.0.26177.108\NuGet.targets(125,5): message : Property reassignment: $(_GenerateRestoreGraphProjectEntryInputProperties)="
       C:\Program Files\dotnet\sdk\10.0.300-preview.0.26177.108\NuGet.targets(125,5): message :       ExcludeRestorePackageImports=true;
       C:\Program Files\dotnet\sdk\10.0.300-preview.0.26177.108\NuGet.targets(125,5): message :       _RestoreSolutionFileUsed=true;
       C:\Program Files\dotnet\sdk\10.0.300-preview.0.26177.108\NuGet.targets(125,5): message :       SolutionDir=D:\TaskManager\TaskManagerPlus\TaskManagerPlus\;
       C:\Program Files\dotnet\sdk\10.0.300-preview.0.26177.108\NuGet.targets(125,5): message :       SolutionName=TaskManagerPlus;
       C:\Program Files\dotnet\sdk\10.0.300-preview.0.26177.108\NuGet.targets(125,5): message :       SolutionFileName=TaskManagerPlus.sln;
       C:\Program Files\dotnet\sdk\10.0.300-preview.0.26177.108\NuGet.targets(125,5): message :       SolutionPath=D:\TaskManager\TaskManagerPlus\TaskManagerPlus\TaskManagerPlus.sln;
       C:\Program Files\dotnet\sdk\10.0.300-preview.0.26177.108\NuGet.targets(125,5): message :       SolutionExt=.sln;
       C:\Program Files\dotnet\sdk\10.0.300-preview.0.26177.108\NuGet.targets(125,5): message :     " (previous value: "ExcludeRestorePackageImports=true") at C:\Program Files\dotnet\sdk\10.0.300-preview.0.26177.108\NuGet.targets (125,5)
       Assembly loaded during Evaluation: System.Numerics.Vectors, Version=10.0.0.0, Culture=neutral, PublicKeyToken=b03f5f7f11d50a3a (location: C:\Program Files\dotnet\shared\Microsoft.NETCore.App\10.0.5\System.Numerics.Vectors.dll, MVID: eb055471-83ab-4d07-b7c7-690173ac5c2c, AssemblyLoadContext: Default)
       Overriding target "Restore" in project "D:\TaskManager\TaskManagerPlus\TaskManagerPlus\TaskManagerPlus.sln.metaproj" with target "Restore" from project "C:\Program Files\dotnet\sdk\10.0.300-preview.0.26177.108\NuGet.targets".
       The target "_MTPBuild" listed in a BeforeTargets attribute at "C:\Program Files\dotnet\sdk\10.0.300-preview.0.26177.108\Current\SolutionFile\ImportAfter\Microsoft.NET.Sdk.Solution.targets (24,11)" does not exist in the project, and will be ignored.
       The target "Store" listed in a BeforeTargets attribute at "C:\Program Files\dotnet\sdk\10.0.300-preview.0.26177.108\Current\SolutionFile\ImportAfter\Microsoft.NET.Sdk.Solution.targets (33,11)" does not exist in the project, and will be ignored.
       The target "VSTest" listed in a BeforeTargets attribute at "C:\Program Files\dotnet\sdk\10.0.300-preview.0.26177.108\Current\SolutionFile\ImportAfter\Microsoft.NET.Sdk.Solution.targets (33,11)" does not exist in the project, and will be ignored.
       The target "_MTPBuild" listed in a BeforeTargets attribute at "C:\Program Files\dotnet\sdk\10.0.300-preview.0.26177.108\Current\SolutionFile\ImportAfter\Microsoft.NET.Sdk.Solution.targets (33,11)" does not exist in the project, and will be ignored.
       The target "_CheckForInvalidConfigurationAndPlatform" listed in a BeforeTargets attribute at "C:\Program Files\dotnet\sdk\10.0.300-preview.0.26177.108\NuGet.targets (705,11)" does not exist in the project, and will be ignored.
     1>Project "D:\TaskManager\TaskManagerPlus\TaskManagerPlus\TaskManagerPlus.sln" on node 1 (Restore target(s)).
     1>Target "ValidateSolutionConfiguration" in file "D:\TaskManager\TaskManagerPlus\TaskManagerPlus\TaskManagerPlus.sln.metaproj" from project "D:\TaskManager\TaskManagerPlus\TaskManagerPlus\TaskManagerPlus.sln" (entry point):
     1>Using "Message" task from assembly "Microsoft.Build.Tasks.Core, Version=15.1.0.0, Culture=neutral, PublicKeyToken=b03f5f7f11d50a3a".
       Task "Message"
         Building solution configuration "Debug|Any CPU".
       Done executing task "Message".
     1>Done building target "ValidateSolutionConfiguration" in project "TaskManagerPlus.sln".
     1>Target "ValidateToolsVersions" in file "D:\TaskManager\TaskManagerPlus\TaskManagerPlus\TaskManagerPlus.sln.metaproj" from project "D:\TaskManager\TaskManagerPlus\TaskManagerPlus\TaskManagerPlus.sln" (entry point):
     1>Done building target "ValidateToolsVersions" in project "TaskManagerPlus.sln".
     1>Target "ValidateProjects" in file "D:\TaskManager\TaskManagerPlus\TaskManagerPlus\TaskManagerPlus.sln.metaproj" from project "D:\TaskManager\TaskManagerPlus\TaskManagerPlus\TaskManagerPlus.sln" (entry point):
     1>Done building target "ValidateProjects" in project "TaskManagerPlus.sln".
     1>Target "_LoadRestoreGraphEntryPoints" in file "C:\Program Files\dotnet\sdk\10.0.300-preview.0.26177.108\NuGet.targets" from project "D:\TaskManager\TaskManagerPlus\TaskManagerPlus\TaskManagerPlus.sln" (target "_FilterRestoreGraphProjectInputItems" depends on it):
       Assembly loaded during TaskRun: NuGet.Build.Tasks, Version=7.6.0.0, Culture=neutral, PublicKeyToken=31bf3856ad364e35 (location: C:\Program Files\dotnet\sdk\10.0.300-preview.0.26177.108\NuGet.Build.Tasks.dll, MVID: 50243f40-a3b1-4076-b867-8e1caddd1cfc, AssemblyLoadContext: MSBuild plugin C:\Program Files\dotnet\sdk\10.0.300-preview.0.26177.108\NuGet.Build.Tasks.dll)
       Assembly loaded during TaskRun: System.Reflection.Metadata, Version=10.0.0.0, Culture=neutral, PublicKeyToken=b03f5f7f11d50a3a (location: C:\Program Files\dotnet\shared\Microsoft.NETCore.App\10.0.5\System.Reflection.Metadata.dll, MVID: 4e61a6ff-8e69-4b91-818c-30d30446243f, AssemblyLoadContext: Default)
       Assembly loaded during TaskRun: NuGet.Common, Version=7.6.0.0, Culture=neutral, PublicKeyToken=31bf3856ad364e35 (location: C:\Program Files\dotnet\sdk\10.0.300-preview.0.26177.108\NuGet.Common.dll, MVID: c7d1bef7-452c-49a1-87a1-c784d7ac99bf, AssemblyLoadContext: MSBuild plugin C:\Program Files\dotnet\sdk\10.0.300-preview.0.26177.108\NuGet.Build.Tasks.dll)
       Assembly loaded during TaskRun: NuGet.Commands, Version=7.6.0.0, Culture=neutral, PublicKeyToken=31bf3856ad364e35 (location: C:\Program Files\dotnet\sdk\10.0.300-preview.0.26177.108\NuGet.Commands.dll, MVID: 12532e26-1d24-44b1-80ed-ffdc23133cac, AssemblyLoadContext: MSBuild plugin C:\Program Files\dotnet\sdk\10.0.300-preview.0.26177.108\NuGet.Build.Tasks.dll)
       Assembly loaded during TaskRun: NuGet.ProjectModel, Version=7.6.0.0, Culture=neutral, PublicKeyToken=31bf3856ad364e35 (location: C:\Program Files\dotnet\sdk\10.0.300-preview.0.26177.108\NuGet.ProjectModel.dll, MVID: d83d80c9-093b-4d3b-ad33-c4bdce96dfbb, AssemblyLoadContext: MSBuild plugin C:\Program Files\dotnet\sdk\10.0.300-preview.0.26177.108\NuGet.Build.Tasks.dll)
       Using "GetRestoreSolutionProjectsTask" task from assembly "C:\Program Files\dotnet\sdk\10.0.300-preview.0.26177.108\NuGet.Build.Tasks.dll".
       Task "GetRestoreSolutionProjectsTask"
       Done executing task "GetRestoreSolutionProjectsTask".
     1>Done building target "_LoadRestoreGraphEntryPoints" in project "TaskManagerPlus.sln".
     1>Target "_FilterRestoreGraphProjectInputItems" in file "C:\Program Files\dotnet\sdk\10.0.300-preview.0.26177.108\NuGet.targets" from project "D:\TaskManager\TaskManagerPlus\TaskManagerPlus\TaskManagerPlus.sln" (target "_GenerateRestoreGraph" depends on it):
       Using "RemoveDuplicates" task from assembly "Microsoft.Build.Tasks.Core, Version=15.1.0.0, Culture=neutral, PublicKeyToken=b03f5f7f11d50a3a".
       Task "RemoveDuplicates"
       Done executing task "RemoveDuplicates".
       Using "MSBuild" task from assembly "Microsoft.Build.Tasks.Core, Version=15.1.0.0, Culture=neutral, PublicKeyToken=b03f5f7f11d50a3a".
       Task "MSBuild"
         Global Properties:
           ExcludeRestorePackageImports=true
           _RestoreSolutionFileUsed=true
           SolutionDir=D:\TaskManager\TaskManagerPlus\TaskManagerPlus\
           SolutionName=TaskManagerPlus
           SolutionFileName=TaskManagerPlus.sln
           SolutionPath=D:\TaskManager\TaskManagerPlus\TaskManagerPlus\TaskManagerPlus.sln
           SolutionExt=.sln
         Additional Properties for project "D:\TaskManager\TaskManagerPlus\TaskManagerPlus\TaskManagerPlus.csproj":
           Configuration=Debug
           Platform=AnyCPU
     0>D:\TaskManager\TaskManagerPlus\TaskManagerPlus\TaskManagerPlus.csproj(3,92): message : Property 'MSBuildExtensionsPath' with value 'C:\Program Files\dotnet\sdk\10.0.300-preview.0.26177.108\' expanded from the environment.
       C:\Program Files\dotnet\sdk\10.0.300-preview.0.26177.108\Current\Microsoft.Common.props(60,5): message : Property reassignment: $(MSBuildProjectExtensionsPath)="D:\TaskManager\TaskManagerPlus\TaskManagerPlus\obj\" (previous value: "obj\") at C:\Program Files\dotnet\sdk\10.0.300-preview.0.26177.108\Current\Microsoft.Common.props (60,5)
       C:\Program Files\dotnet\sdk\10.0.300-preview.0.26177.108\Current\Microsoft.Common.props(84,119): message : Property 'MSBuildUserExtensionsPath' with value 'C:\Users\TRAN THOM\AppData\Local\Microsoft\MSBuild' expanded from the environment.
       The "Configuration" property is a global property, and cannot be modified.
       The "Platform" property is a global property, and cannot be modified.
       The "Configuration" property is a global property, and cannot be modified.
       The "Platform" property is a global property, and cannot be modified.
       C:\Program Files\dotnet\sdk\10.0.300-preview.0.26177.108\Roslyn\Microsoft.CSharp.Core.targets(213,5): message : Property reassignment: $(CommandLineArgsForDesignTimeEvaluation)="-langversion:7.3 -define:DEBUG;TRACE" (previous value: "-langversion:7.3") at C:\Program Files\dotnet\sdk\10.0.300-preview.0.26177.108\Roslyn\Microsoft.CSharp.Core.targets (213,5)
       C:\Program Files\dotnet\sdk\10.0.300-preview.0.26177.108\Microsoft.NETFramework.CurrentVersion.props(117,5): message : Property reassignment: $(AvailablePlatforms)="Any CPU,x86,x64,ARM64" (previous value: "Any CPU,x86,x64") at C:\Program Files\dotnet\sdk\10.0.300-preview.0.26177.108\Microsoft.NETFramework.CurrentVersion.props (117,5)
       The "Platform" property is a global property, and cannot be modified.
       The "Configuration" property is a global property, and cannot be modified.
       C:\Program Files\dotnet\sdk\10.0.300-preview.0.26177.108\Microsoft.Common.CurrentVersion.targets(175,5): message : Property reassignment: $(_DebugSymbolsProduced)="true" (previous value: "false") at C:\Program Files\dotnet\sdk\10.0.300-preview.0.26177.108\Microsoft.Common.CurrentVersion.targets (175,5)
       C:\Program Files\dotnet\sdk\10.0.300-preview.0.26177.108\Microsoft.Common.CurrentVersion.targets(185,5): message : Property reassignment: $(_DocumentationFileProduced)="false" (previous value: "true") at C:\Program Files\dotnet\sdk\10.0.300-preview.0.26177.108\Microsoft.Common.CurrentVersion.targets (185,5)
       The "SolutionName" property is a global property, and cannot be modified.
       The "SolutionFileName" property is a global property, and cannot be modified.
       The "SolutionPath" property is a global property, and cannot be modified.
       The "SolutionDir" property is a global property, and cannot be modified.
       The "SolutionExt" property is a global property, and cannot be modified.
       C:\Program Files\dotnet\sdk\10.0.300-preview.0.26177.108\Microsoft.Common.CurrentVersion.targets(392,5): message : Property reassignment: $(MSBuildCopyMarkerName)="TaskMana.651D2760" (previous value: "TaskManagerPlus.csproj") at C:\Program Files\dotnet\sdk\10.0.300-preview.0.26177.108\Microsoft.Common.CurrentVersion.targets (392,5)
       C:\Program Files\dotnet\sdk\10.0.300-preview.0.26177.108\Microsoft.Common.CurrentVersion.targets(393,5): message : Property reassignment: $(MSBuildCopyMarkerName)="TaskMana.651D2760.Up2Date" (previous value: "TaskMana.651D2760") at C:\Program Files\dotnet\sdk\10.0.300-preview.0.26177.108\Microsoft.Common.CurrentVersion.targets (393,5)
       C:\Program Files\dotnet\sdk\10.0.300-preview.0.26177.108\Microsoft.Common.CurrentVersion.targets(528,5): message : Property reassignment: $(ProcessorArchitecture)="amd64" (previous value: "x64") at C:\Program Files\dotnet\sdk\10.0.300-preview.0.26177.108\Microsoft.Common.CurrentVersion.targets (528,5)
       C:\Program Files\dotnet\sdk\10.0.300-preview.0.26177.108\Microsoft.Common.CurrentVersion.targets(580,5): message : Property reassignment: $(DelaySign)="" (previous value: "false") at C:\Program Files\dotnet\sdk\10.0.300-preview.0.26177.108\Microsoft.Common.CurrentVersion.targets (580,5)
       C:\Program Files\dotnet\sdk\10.0.300-preview.0.26177.108\Microsoft.Common.CurrentVersion.targets(649,5): message : Property reassignment: $(AssemblySearchPaths)="{CandidateAssemblyFiles};" (previous value: "{CandidateAssemblyFiles}") at C:\Program Files\dotnet\sdk\10.0.300-preview.0.26177.108\Microsoft.Common.CurrentVersion.targets (649,5)
       C:\Program Files\dotnet\sdk\10.0.300-preview.0.26177.108\Microsoft.Common.CurrentVersion.targets(650,5): message : Property reassignment: $(AssemblySearchPaths)="{CandidateAssemblyFiles};;{HintPathFromItem}" (previous value: "{CandidateAssemblyFiles};") at C:\Program Files\dotnet\sdk\10.0.300-preview.0.26177.108\Microsoft.Common.CurrentVersion.targets (650,5)
       C:\Program Files\dotnet\sdk\10.0.300-preview.0.26177.108\Microsoft.Common.CurrentVersion.targets(651,5): message : Property reassignment: $(AssemblySearchPaths)="{CandidateAssemblyFiles};;{HintPathFromItem};{TargetFrameworkDirectory}" (previous value: "{CandidateAssemblyFiles};;{HintPathFromItem}") at C:\Program Files\dotnet\sdk\10.0.300-preview.0.26177.108\Microsoft.Common.CurrentVersion.targets (651,5)
       C:\Program Files\dotnet\sdk\10.0.300-preview.0.26177.108\Microsoft.Common.CurrentVersion.targets(652,5): message : Property reassignment: $(AssemblySearchPaths)="{CandidateAssemblyFiles};;{HintPathFromItem};{TargetFrameworkDirectory};" (previous value: "{CandidateAssemblyFiles};;{HintPathFromItem};{TargetFrameworkDirectory}") at C:\Program Files\dotnet\sdk\10.0.300-preview.0.26177.108\Microsoft.Common.CurrentVersion.targets (652,5)
       C:\Program Files\dotnet\sdk\10.0.300-preview.0.26177.108\Microsoft.Common.CurrentVersion.targets(653,5): message : Property reassignment: $(AssemblySearchPaths)="{CandidateAssemblyFiles};;{HintPathFromItem};{TargetFrameworkDirectory};;{Registry:Software\Microsoft\.NETFramework,v4.7.2,AssemblyFoldersEx}" (previous value: "{CandidateAssemblyFiles};;{HintPathFromItem};{TargetFrameworkDirectory};") at C:\Program Files\dotnet\sdk\10.0.300-preview.0.26177.108\Microsoft.Common.CurrentVersion.targets (653,5)
       C:\Program Files\dotnet\sdk\10.0.300-preview.0.26177.108\Microsoft.Common.CurrentVersion.targets(654,5): message : Property reassignment: $(AssemblySearchPaths)="{CandidateAssemblyFiles};;{HintPathFromItem};{TargetFrameworkDirectory};;{Registry:Software\Microsoft\.NETFramework,v4.7.2,AssemblyFoldersEx};{AssemblyFolders}" (previous value: "{CandidateAssemblyFiles};;{HintPathFromItem};{TargetFrameworkDirectory};;{Registry:Software\Microsoft\.NETFramework,v4.7.2,AssemblyFoldersEx}") at C:\Program Files\dotnet\sdk\10.0.300-preview.0.26177.108\Microsoft.Common.CurrentVersion.targets (654,5)
       C:\Program Files\dotnet\sdk\10.0.300-preview.0.26177.108\Microsoft.Common.CurrentVersion.targets(655,5): message : Property reassignment: $(AssemblySearchPaths)="{CandidateAssemblyFiles};;{HintPathFromItem};{TargetFrameworkDirectory};;{Registry:Software\Microsoft\.NETFramework,v4.7.2,AssemblyFoldersEx};{AssemblyFolders};{GAC}" (previous value: "{CandidateAssemblyFiles};;{HintPathFromItem};{TargetFrameworkDirectory};;{Registry:Software\Microsoft\.NETFramework,v4.7.2,AssemblyFoldersEx};{AssemblyFolders}") at C:\Program Files\dotnet\sdk\10.0.300-preview.0.26177.108\Microsoft.Common.CurrentVersion.targets (655,5)
       C:\Program Files\dotnet\sdk\10.0.300-preview.0.26177.108\Microsoft.Common.CurrentVersion.targets(656,5): message : Property reassignment: $(AssemblySearchPaths)="{CandidateAssemblyFiles};;{HintPathFromItem};{TargetFrameworkDirectory};;{Registry:Software\Microsoft\.NETFramework,v4.7.2,AssemblyFoldersEx};{AssemblyFolders};{GAC};{RawFileName}" (previous value: "{CandidateAssemblyFiles};;{HintPathFromItem};{TargetFrameworkDirectory};;{Registry:Software\Microsoft\.NETFramework,v4.7.2,AssemblyFoldersEx};{AssemblyFolders};{GAC}") at C:\Program Files\dotnet\sdk\10.0.300-preview.0.26177.108\Microsoft.Common.CurrentVersion.targets (656,5)
       C:\Program Files\dotnet\sdk\10.0.300-preview.0.26177.108\Microsoft.Common.CurrentVersion.targets(657,5): message : Property reassignment: $(AssemblySearchPaths)="{CandidateAssemblyFiles};;{HintPathFromItem};{TargetFrameworkDirectory};;{Registry:Software\Microsoft\.NETFramework,v4.7.2,AssemblyFoldersEx};{AssemblyFolders};{GAC};{RawFileName};bin\Debug\" (previous value: "{CandidateAssemblyFiles};;{HintPathFromItem};{TargetFrameworkDirectory};;{Registry:Software\Microsoft\.NETFramework,v4.7.2,AssemblyFoldersEx};{AssemblyFolders};{GAC};{RawFileName}") at C:\Program Files\dotnet\sdk\10.0.300-preview.0.26177.108\Microsoft.Common.CurrentVersion.targets (657,5)
       C:\Program Files\dotnet\sdk\10.0.300-preview.0.26177.108\Microsoft.Common.CurrentVersion.targets(2622,5): message : Property 'LOCALAPPDATA' with value 'C:\Users\TRAN THOM\AppData\Local' expanded from the environment.
       C:\Program Files\dotnet\sdk\10.0.300-preview.0.26177.108\Microsoft.Common.CurrentVersion.targets(3950,5): message : Property reassignment: $(_SGenGenerateSerializationAssembliesConfig)="Auto" (previous value: "") at C:\Program Files\dotnet\sdk\10.0.300-preview.0.26177.108\Microsoft.Common.CurrentVersion.targets (3950,5)
       C:\Program Files\dotnet\sdk\10.0.300-preview.0.26177.108\Microsoft.Common.CurrentVersion.targets(3951,5): message : Property reassignment: $(_SGenGenerateSerializationAssembliesConfig)="Off" (previous value: "Auto") at C:\Program Files\dotnet\sdk\10.0.300-preview.0.26177.108\Microsoft.Common.CurrentVersion.targets (3951,5)
       C:\Program Files\dotnet\sdk\10.0.300-preview.0.26177.108\Microsoft.Common.CurrentVersion.targets(5162,5): message : Property reassignment: $(_TargetsThatPrepareProjectReferences)="
       C:\Program Files\dotnet\sdk\10.0.300-preview.0.26177.108\Microsoft.Common.CurrentVersion.targets(5162,5): message :       AssignProjectConfiguration;
       C:\Program Files\dotnet\sdk\10.0.300-preview.0.26177.108\Microsoft.Common.CurrentVersion.targets(5162,5): message :       _SplitProjectReferencesByFileExistence
       C:\Program Files\dotnet\sdk\10.0.300-preview.0.26177.108\Microsoft.Common.CurrentVersion.targets(5162,5): message :     " (previous value: "_SplitProjectReferencesByFileExistence") at C:\Program Files\dotnet\sdk\10.0.300-preview.0.26177.108\Microsoft.Common.CurrentVersion.targets (5162,5)
       C:\Program Files\dotnet\sdk\10.0.300-preview.0.26177.108\Microsoft.Common.CurrentVersion.targets(6975,5): message : Property 'MSBuildExtensionsPath32' with value 'C:\Program Files\dotnet\sdk\10.0.300-preview.0.26177.108' expanded from the environment.
       C:\Program Files\dotnet\sdk\10.0.300-preview.0.26177.108\Microsoft.NETFramework.CurrentVersion.targets(74,5): message : Property reassignment: $(ResolveReferencesDependsOn)="
       C:\Program Files\dotnet\sdk\10.0.300-preview.0.26177.108\Microsoft.NETFramework.CurrentVersion.targets(74,5): message :       
       C:\Program Files\dotnet\sdk\10.0.300-preview.0.26177.108\Microsoft.NETFramework.CurrentVersion.targets(74,5): message :       BeforeResolveReferences;
       C:\Program Files\dotnet\sdk\10.0.300-preview.0.26177.108\Microsoft.NETFramework.CurrentVersion.targets(74,5): message :       AssignProjectConfiguration;
       C:\Program Files\dotnet\sdk\10.0.300-preview.0.26177.108\Microsoft.NETFramework.CurrentVersion.targets(74,5): message :       ResolveProjectReferences;
       C:\Program Files\dotnet\sdk\10.0.300-preview.0.26177.108\Microsoft.NETFramework.CurrentVersion.targets(74,5): message :       FindInvalidProjectReferences;
       C:\Program Files\dotnet\sdk\10.0.300-preview.0.26177.108\Microsoft.NETFramework.CurrentVersion.targets(74,5): message :       ResolveNativeReferences;
       C:\Program Files\dotnet\sdk\10.0.300-preview.0.26177.108\Microsoft.NETFramework.CurrentVersion.targets(74,5): message :       ResolveAssemblyReferences;
       C:\Program Files\dotnet\sdk\10.0.300-preview.0.26177.108\Microsoft.NETFramework.CurrentVersion.targets(74,5): message :       GenerateBindingRedirects;
       C:\Program Files\dotnet\sdk\10.0.300-preview.0.26177.108\Microsoft.NETFramework.CurrentVersion.targets(74,5): message :       GenerateBindingRedirectsUpdateAppConfig;
       C:\Program Files\dotnet\sdk\10.0.300-preview.0.26177.108\Microsoft.NETFramework.CurrentVersion.targets(74,5): message :       ResolveComReferences;
       C:\Program Files\dotnet\sdk\10.0.300-preview.0.26177.108\Microsoft.NETFramework.CurrentVersion.targets(74,5): message :       AfterResolveReferences
       C:\Program Files\dotnet\sdk\10.0.300-preview.0.26177.108\Microsoft.NETFramework.CurrentVersion.targets(74,5): message :     ;
       C:\Program Files\dotnet\sdk\10.0.300-preview.0.26177.108\Microsoft.NETFramework.CurrentVersion.targets(74,5): message :       ImplicitlyExpandDesignTimeFacades
       C:\Program Files\dotnet\sdk\10.0.300-preview.0.26177.108\Microsoft.NETFramework.CurrentVersion.targets(74,5): message :     " (previous value: "
       C:\Program Files\dotnet\sdk\10.0.300-preview.0.26177.108\Microsoft.NETFramework.CurrentVersion.targets(74,5): message :       BeforeResolveReferences;
       C:\Program Files\dotnet\sdk\10.0.300-preview.0.26177.108\Microsoft.NETFramework.CurrentVersion.targets(74,5): message :       AssignProjectConfiguration;
       C:\Program Files\dotnet\sdk\10.0.300-preview.0.26177.108\Microsoft.NETFramework.CurrentVersion.targets(74,5): message :       ResolveProjectReferences;
       C:\Program Files\dotnet\sdk\10.0.300-preview.0.26177.108\Microsoft.NETFramework.CurrentVersion.targets(74,5): message :       FindInvalidProjectReferences;
       C:\Program Files\dotnet\sdk\10.0.300-preview.0.26177.108\Microsoft.NETFramework.CurrentVersion.targets(74,5): message :       ResolveNativeReferences;
       C:\Program Files\dotnet\sdk\10.0.300-preview.0.26177.108\Microsoft.NETFramework.CurrentVersion.targets(74,5): message :       ResolveAssemblyReferences;
       C:\Program Files\dotnet\sdk\10.0.300-preview.0.26177.108\Microsoft.NETFramework.CurrentVersion.targets(74,5): message :       GenerateBindingRedirects;
       C:\Program Files\dotnet\sdk\10.0.300-preview.0.26177.108\Microsoft.NETFramework.CurrentVersion.targets(74,5): message :       GenerateBindingRedirectsUpdateAppConfig;
       C:\Program Files\dotnet\sdk\10.0.300-preview.0.26177.108\Microsoft.NETFramework.CurrentVersion.targets(74,5): message :       ResolveComReferences;
       C:\Program Files\dotnet\sdk\10.0.300-preview.0.26177.108\Microsoft.NETFramework.CurrentVersion.targets(74,5): message :       AfterResolveReferences
       C:\Program Files\dotnet\sdk\10.0.300-preview.0.26177.108\Microsoft.NETFramework.CurrentVersion.targets(74,5): message :     ") at C:\Program Files\dotnet\sdk\10.0.300-preview.0.26177.108\Microsoft.NETFramework.CurrentVersion.targets (74,5)
       The "_RestoreSolutionFileUsed" property is a global property, and cannot be modified.
       The "NuGetInteractive" property is a global property, and cannot be modified.
       C:\Program Files\dotnet\sdk\10.0.300-preview.0.26177.108\NuGet.targets(125,5): message : Property reassignment: $(_GenerateRestoreGraphProjectEntryInputProperties)="
       C:\Program Files\dotnet\sdk\10.0.300-preview.0.26177.108\NuGet.targets(125,5): message :       ExcludeRestorePackageImports=true;
       C:\Program Files\dotnet\sdk\10.0.300-preview.0.26177.108\NuGet.targets(125,5): message :       _RestoreSolutionFileUsed=true;
       C:\Program Files\dotnet\sdk\10.0.300-preview.0.26177.108\NuGet.targets(125,5): message :       SolutionDir=D:\TaskManager\TaskManagerPlus\TaskManagerPlus\;
       C:\Program Files\dotnet\sdk\10.0.300-preview.0.26177.108\NuGet.targets(125,5): message :       SolutionName=TaskManagerPlus;
       C:\Program Files\dotnet\sdk\10.0.300-preview.0.26177.108\NuGet.targets(125,5): message :       SolutionFileName=TaskManagerPlus.sln;
       C:\Program Files\dotnet\sdk\10.0.300-preview.0.26177.108\NuGet.targets(125,5): message :       SolutionPath=D:\TaskManager\TaskManagerPlus\TaskManagerPlus\TaskManagerPlus.sln;
       C:\Program Files\dotnet\sdk\10.0.300-preview.0.26177.108\NuGet.targets(125,5): message :       SolutionExt=.sln;
       C:\Program Files\dotnet\sdk\10.0.300-preview.0.26177.108\NuGet.targets(125,5): message :     " (previous value: "ExcludeRestorePackageImports=true") at C:\Program Files\dotnet\sdk\10.0.300-preview.0.26177.108\NuGet.targets (125,5)
       Assembly loaded during Evaluation: System.Collections.NonGeneric, Version=10.0.0.0, Culture=neutral, PublicKeyToken=b03f5f7f11d50a3a (location: C:\Program Files\dotnet\shared\Microsoft.NETCore.App\10.0.5\System.Collections.NonGeneric.dll, MVID: 3bb08922-ed14-4fa5-86fe-975e63ce3aa1, AssemblyLoadContext: Default)
       Overriding target "GetFrameworkPaths" in project "C:\Program Files\dotnet\sdk\10.0.300-preview.0.26177.108\Microsoft.Common.CurrentVersion.targets" with target "GetFrameworkPaths" from project "C:\Program Files\dotnet\sdk\10.0.300-preview.0.26177.108\Microsoft.NETFramework.CurrentVersion.targets".
       The target "ResolveNuGetPackageAssets" listed in an AfterTargets attribute at "C:\Program Files\dotnet\sdk\10.0.300-preview.0.26177.108\Microsoft\Microsoft.NET.Build.Extensions\Microsoft.NET.Build.Extensions.ConflictResolution.targets (27,11)" does not exist in the project, and will be ignored.
     1>Project "D:\TaskManager\TaskManagerPlus\TaskManagerPlus\TaskManagerPlus.sln" (1) is building "D:\TaskManager\TaskManagerPlus\TaskManagerPlus\TaskManagerPlus.csproj" (2) on node 1 (_IsProjectRestoreSupported target(s)).
     2>Project file contains ToolsVersion="15.0". This toolset may be unknown or missing, in which case you may be able to resolve this by installing the appropriate version of MSBuild, or the build may have been forced to a particular ToolsVersion for policy reasons. Treating the project as if it had ToolsVersion="Current". For more information, please see http://go.microsoft.com/fwlink/?LinkId=293424.
     2>Target "_IsProjectRestoreSupported" in file "C:\Program Files\dotnet\sdk\10.0.300-preview.0.26177.108\NuGet.targets" from project "D:\TaskManager\TaskManagerPlus\TaskManagerPlus\TaskManagerPlus.csproj" (entry point):
     2>Done building target "_IsProjectRestoreSupported" in project "TaskManagerPlus.csproj".
     2>Done Building Project "D:\TaskManager\TaskManagerPlus\TaskManagerPlus\TaskManagerPlus.csproj" (_IsProjectRestoreSupported target(s)).
     1>Done executing task "MSBuild".
       Using "WarnForInvalidProjectsTask" task from assembly "C:\Program Files\dotnet\sdk\10.0.300-preview.0.26177.108\NuGet.Build.Tasks.dll".
       Task "WarnForInvalidProjectsTask"
       Done executing task "WarnForInvalidProjectsTask".
     1>Done building target "_FilterRestoreGraphProjectInputItems" in project "TaskManagerPlus.sln".
       Target "_FilterRestoreGraphProjectInputItems" skipped. Previously built successfully.
     1>Target "_GetAllRestoreProjectPathItems" in file "C:\Program Files\dotnet\sdk\10.0.300-preview.0.26177.108\NuGet.targets" from project "D:\TaskManager\TaskManagerPlus\TaskManagerPlus\TaskManagerPlus.sln" (target "_GenerateRestoreGraph" depends on it):
       Using "NuGetMessageTask" task from assembly "C:\Program Files\dotnet\sdk\10.0.300-preview.0.26177.108\NuGet.Build.Tasks.dll".
       Task "NuGetMessageTask"
         Determining projects to restore...
       Done executing task "NuGetMessageTask".
       Task "MSBuild"
         Global Properties:
           ExcludeRestorePackageImports=true
           _RestoreSolutionFileUsed=true
           SolutionDir=D:\TaskManager\TaskManagerPlus\TaskManagerPlus\
           SolutionName=TaskManagerPlus
           SolutionFileName=TaskManagerPlus.sln
           SolutionPath=D:\TaskManager\TaskManagerPlus\TaskManagerPlus\TaskManagerPlus.sln
           SolutionExt=.sln
         Additional Properties for project "D:\TaskManager\TaskManagerPlus\TaskManagerPlus\TaskManagerPlus.csproj":
           Configuration=Debug
           Platform=AnyCPU
     1>Project "D:\TaskManager\TaskManagerPlus\TaskManagerPlus\TaskManagerPlus.sln" (1) is building "D:\TaskManager\TaskManagerPlus\TaskManagerPlus\TaskManagerPlus.csproj" (2:2) on node 1 (_GenerateRestoreProjectPathWalk target(s)).
   2:2>Project file contains ToolsVersion="15.0". This toolset may be unknown or missing, in which case you may be able to resolve this by installing the appropriate version of MSBuild, or the build may have been forced to a particular ToolsVersion for policy reasons. Treating the project as if it had ToolsVersion="Current". For more information, please see http://go.microsoft.com/fwlink/?LinkId=293424.
   2:2>Target "_GenerateRestoreProjectPathItemsPerFramework" in file "C:\Program Files\dotnet\sdk\10.0.300-preview.0.26177.108\NuGet.targets" from project "D:\TaskManager\TaskManagerPlus\TaskManagerPlus\TaskManagerPlus.csproj" (target "_GenerateRestoreProjectPathItemsCurrentProject" depends on it):
       Using "ConvertToAbsolutePath" task from assembly "Microsoft.Build.Tasks.Core, Version=15.1.0.0, Culture=neutral, PublicKeyToken=b03f5f7f11d50a3a".
       Task "ConvertToAbsolutePath"
       Done executing task "ConvertToAbsolutePath".
   2:2>Done building target "_GenerateRestoreProjectPathItemsPerFramework" in project "TaskManagerPlus.csproj".
   2:2>Target "_GenerateRestoreProjectPathItemsCurrentProject" in file "C:\Program Files\dotnet\sdk\10.0.300-preview.0.26177.108\NuGet.targets" from project "D:\TaskManager\TaskManagerPlus\TaskManagerPlus\TaskManagerPlus.csproj" (target "_GenerateRestoreProjectPathItems" depends on it):
   2:2>Done building target "_GenerateRestoreProjectPathItemsCurrentProject" in project "TaskManagerPlus.csproj".
   2:2>Target "_GenerateRestoreProjectPathItems" in file "C:\Program Files\dotnet\sdk\10.0.300-preview.0.26177.108\NuGet.targets" from project "D:\TaskManager\TaskManagerPlus\TaskManagerPlus\TaskManagerPlus.csproj" (target "_GenerateRestoreProjectPathWalk" depends on it):
       Using "RemoveDuplicates" task from assembly "Microsoft.Build.Tasks.Core, Version=15.1.0.0, Culture=neutral, PublicKeyToken=b03f5f7f11d50a3a".
       Task "RemoveDuplicates"
       Done executing task "RemoveDuplicates".
   2:2>Done building target "_GenerateRestoreProjectPathItems" in project "TaskManagerPlus.csproj".
   2:2>Target "_GenerateRestoreProjectPathWalk" in file "C:\Program Files\dotnet\sdk\10.0.300-preview.0.26177.108\NuGet.targets" from project "D:\TaskManager\TaskManagerPlus\TaskManagerPlus\TaskManagerPlus.csproj" (entry point):
       Using "MSBuild" task from assembly "Microsoft.Build.Tasks.Core, Version=15.1.0.0, Culture=neutral, PublicKeyToken=b03f5f7f11d50a3a".
       Task "MSBuild"
       Done executing task "MSBuild".
       Task "RemoveDuplicates"
       Done executing task "RemoveDuplicates".
   2:2>Done building target "_GenerateRestoreProjectPathWalk" in project "TaskManagerPlus.csproj".
   2:2>Done Building Project "D:\TaskManager\TaskManagerPlus\TaskManagerPlus\TaskManagerPlus.csproj" (_GenerateRestoreProjectPathWalk target(s)).
     1>Done executing task "MSBuild".
       Task "RemoveDuplicates"
       Done executing task "RemoveDuplicates".
       Task "MSBuild"
         Global Properties:
           ExcludeRestorePackageImports=true
           _RestoreSolutionFileUsed=true
           SolutionDir=D:\TaskManager\TaskManagerPlus\TaskManagerPlus\
           SolutionName=TaskManagerPlus
           SolutionFileName=TaskManagerPlus.sln
           SolutionPath=D:\TaskManager\TaskManagerPlus\TaskManagerPlus\TaskManagerPlus.sln
           SolutionExt=.sln
         Additional Properties for project "D:\TaskManager\TaskManagerPlus\TaskManagerPlus\TaskManagerPlus.csproj":
           Configuration=Debug
           Platform=AnyCPU
     1>Project "D:\TaskManager\TaskManagerPlus\TaskManagerPlus\TaskManagerPlus.sln" (1) is building "D:\TaskManager\TaskManagerPlus\TaskManagerPlus\TaskManagerPlus.csproj" (2:3) on node 1 (_IsProjectRestoreSupported target(s)).
   2:3>Target "_IsProjectRestoreSupported" skipped. Previously built successfully.
   2:3>Done Building Project "D:\TaskManager\TaskManagerPlus\TaskManagerPlus\TaskManagerPlus.csproj" (_IsProjectRestoreSupported target(s)).
     1>Done executing task "MSBuild".
     1>Done building target "_GetAllRestoreProjectPathItems" in project "TaskManagerPlus.sln".
     1>Target "_GenerateRestoreGraph" in file "C:\Program Files\dotnet\sdk\10.0.300-preview.0.26177.108\NuGet.targets" from project "D:\TaskManager\TaskManagerPlus\TaskManagerPlus\TaskManagerPlus.sln" (target "Restore" depends on it):
       Task "Message"
         Generating dg file
       Done executing task "Message".
       Task "Message"
         D:\TaskManager\TaskManagerPlus\TaskManagerPlus\TaskManagerPlus.csproj
       Done executing task "Message".
       Task "MSBuild"
         Global Properties:
           ExcludeRestorePackageImports=true
           _RestoreSolutionFileUsed=true
           SolutionDir=D:\TaskManager\TaskManagerPlus\TaskManagerPlus\
           SolutionName=TaskManagerPlus
           SolutionFileName=TaskManagerPlus.sln
           SolutionPath=D:\TaskManager\TaskManagerPlus\TaskManagerPlus\TaskManagerPlus.sln
           SolutionExt=.sln
         Additional Properties for project "D:\TaskManager\TaskManagerPlus\TaskManagerPlus\TaskManagerPlus.csproj":
           Configuration=Debug
           Platform=AnyCPU
     1>Project "D:\TaskManager\TaskManagerPlus\TaskManagerPlus\TaskManagerPlus.sln" (1) is building "D:\TaskManager\TaskManagerPlus\TaskManagerPlus\TaskManagerPlus.csproj" (2:4) on node 1 (_GenerateRestoreGraphProjectEntry target(s)).
   2:4>Project file contains ToolsVersion="15.0". This toolset may be unknown or missing, in which case you may be able to resolve this by installing the appropriate version of MSBuild, or the build may have been forced to a particular ToolsVersion for policy reasons. Treating the project as if it had ToolsVersion="Current". For more information, please see http://go.microsoft.com/fwlink/?LinkId=293424.
   2:4>Target "CollectPackageReferences" in file "C:\Program Files\dotnet\sdk\10.0.300-preview.0.26177.108\NuGet.targets" from project "D:\TaskManager\TaskManagerPlus\TaskManagerPlus\TaskManagerPlus.csproj" (target "_GetRestoreProjectStyle" depends on it):
       Using "CheckForDuplicateNuGetItemsTask" task from assembly "C:\Program Files\dotnet\sdk\10.0.300-preview.0.26177.108\NuGet.Build.Tasks.dll".
       Task "CheckForDuplicateNuGetItemsTask"
       Done executing task "CheckForDuplicateNuGetItemsTask".
   2:4>Done building target "CollectPackageReferences" in project "TaskManagerPlus.csproj".
   2:4>Target "_GetRestoreProjectStyle" in file "C:\Program Files\dotnet\sdk\10.0.300-preview.0.26177.108\NuGet.targets" from project "D:\TaskManager\TaskManagerPlus\TaskManagerPlus\TaskManagerPlus.csproj" (target "_GenerateRestoreSpecs" depends on it):
       Using "GetRestoreProjectStyleTask" task from assembly "C:\Program Files\dotnet\sdk\10.0.300-preview.0.26177.108\NuGet.Build.Tasks.dll".
       Task "GetRestoreProjectStyleTask"
         Assembly loaded during TaskRun (NuGet.Build.Tasks.GetRestoreProjectStyleTask): NuGet.Configuration, Version=7.6.0.0, Culture=neutral, PublicKeyToken=31bf3856ad364e35 (location: C:\Program Files\dotnet\sdk\10.0.300-preview.0.26177.108\NuGet.Configuration.dll, MVID: 1c97b3a2-46fb-4835-91f7-97aae881bd8d, AssemblyLoadContext: MSBuild plugin C:\Program Files\dotnet\sdk\10.0.300-preview.0.26177.108\NuGet.Build.Tasks.dll)
       Done executing task "GetRestoreProjectStyleTask".
   2:4>Done building target "_GetRestoreProjectStyle" in project "TaskManagerPlus.csproj".
   2:4>Target "_GenerateRestoreSpecs" in file "C:\Program Files\dotnet\sdk\10.0.300-preview.0.26177.108\NuGet.targets" from project "D:\TaskManager\TaskManagerPlus\TaskManagerPlus\TaskManagerPlus.csproj" (target "_GenerateRestoreGraphProjectEntry" depends on it):
       Using "Message" task from assembly "Microsoft.Build.Tasks.Core, Version=15.1.0.0, Culture=neutral, PublicKeyToken=b03f5f7f11d50a3a".
       Task "Message"
         Restore entry point D:\TaskManager\TaskManagerPlus\TaskManagerPlus\TaskManagerPlus.csproj
       Done executing task "Message".
   2:4>Done building target "_GenerateRestoreSpecs" in project "TaskManagerPlus.csproj".
   2:4>Target "_GetRestoreSettingsOverrides" in file "C:\Program Files\dotnet\sdk\10.0.300-preview.0.26177.108\NuGet.targets" from project "D:\TaskManager\TaskManagerPlus\TaskManagerPlus\TaskManagerPlus.csproj" (target "_GetRestoreSettings" depends on it):
   2:4>Done building target "_GetRestoreSettingsOverrides" in project "TaskManagerPlus.csproj".
   2:4>Target "_GetRestoreSettings" in file "C:\Program Files\dotnet\sdk\10.0.300-preview.0.26177.108\NuGet.targets" from project "D:\TaskManager\TaskManagerPlus\TaskManagerPlus\TaskManagerPlus.csproj" (target "_GenerateDotnetCliToolReferenceSpecs" depends on it):
       Using "GetRestoreSettingsTask" task from assembly "C:\Program Files\dotnet\sdk\10.0.300-preview.0.26177.108\NuGet.Build.Tasks.dll".
       Task "GetRestoreSettingsTask"
       Done executing task "GetRestoreSettingsTask".
   2:4>Done building target "_GetRestoreSettings" in project "TaskManagerPlus.csproj".
   2:4>Target "_GenerateDotnetCliToolReferenceSpecs" in file "C:\Program Files\dotnet\sdk\10.0.300-preview.0.26177.108\NuGet.targets" from project "D:\TaskManager\TaskManagerPlus\TaskManagerPlus\TaskManagerPlus.csproj" (target "_GenerateRestoreGraphProjectEntry" depends on it):
       Using "GetRestoreDotnetCliToolsTask" task from assembly "C:\Program Files\dotnet\sdk\10.0.300-preview.0.26177.108\NuGet.Build.Tasks.dll".
       Task "GetRestoreDotnetCliToolsTask"
       Done executing task "GetRestoreDotnetCliToolsTask".
   2:4>Done building target "_GenerateDotnetCliToolReferenceSpecs" in project "TaskManagerPlus.csproj".
   2:4>Target "_GenerateRestoreGraphProjectEntry" in file "C:\Program Files\dotnet\sdk\10.0.300-preview.0.26177.108\NuGet.targets" from project "D:\TaskManager\TaskManagerPlus\TaskManagerPlus\TaskManagerPlus.csproj" (entry point):
   2:4>Done building target "_GenerateRestoreGraphProjectEntry" in project "TaskManagerPlus.csproj".
   2:4>Done Building Project "D:\TaskManager\TaskManagerPlus\TaskManagerPlus\TaskManagerPlus.csproj" (_GenerateRestoreGraphProjectEntry target(s)).
     1>Done executing task "MSBuild".
       Task "MSBuild"
         Global Properties:
           ExcludeRestorePackageImports=true
           _RestoreSolutionFileUsed=true
           SolutionDir=D:\TaskManager\TaskManagerPlus\TaskManagerPlus\
           SolutionName=TaskManagerPlus
           SolutionFileName=TaskManagerPlus.sln
           SolutionPath=D:\TaskManager\TaskManagerPlus\TaskManagerPlus\TaskManagerPlus.sln
           SolutionExt=.sln
         Additional Properties for project "D:\TaskManager\TaskManagerPlus\TaskManagerPlus\TaskManagerPlus.csproj":
           Configuration=Debug
           Platform=AnyCPU
     1>Project "D:\TaskManager\TaskManagerPlus\TaskManagerPlus\TaskManagerPlus.sln" (1) is building "D:\TaskManager\TaskManagerPlus\TaskManagerPlus\TaskManagerPlus.csproj" (2:5) on node 1 (_GenerateProjectRestoreGraph target(s)).
   2:5>Project file contains ToolsVersion="15.0". This toolset may be unknown or missing, in which case you may be able to resolve this by installing the appropriate version of MSBuild, or the build may have been forced to a particular ToolsVersion for policy reasons. Treating the project as if it had ToolsVersion="Current". For more information, please see http://go.microsoft.com/fwlink/?LinkId=293424.
       Target "_GetRestoreProjectStyle" skipped. Previously built successfully.
       Target "_GetRestoreProjectStyle" skipped. Previously built successfully.
       Target "_GetRestoreProjectStyle" skipped. Previously built successfully.
   2:5>Target "_GetRestoreTargetFrameworkOverride" in file "C:\Program Files\dotnet\sdk\10.0.300-preview.0.26177.108\NuGet.targets" from project "D:\TaskManager\TaskManagerPlus\TaskManagerPlus\TaskManagerPlus.csproj" (target "_GetRestoreTargetFrameworksOutput" depends on it):
   2:5>Done building target "_GetRestoreTargetFrameworkOverride" in project "TaskManagerPlus.csproj".
   2:5>Target "_GetRestoreTargetFrameworksOutput" in file "C:\Program Files\dotnet\sdk\10.0.300-preview.0.26177.108\NuGet.targets" from project "D:\TaskManager\TaskManagerPlus\TaskManagerPlus\TaskManagerPlus.csproj" (target "_GenerateRestoreProjectSpec" depends on it):
       Using "GetProjectTargetFrameworksTask" task from assembly "C:\Program Files\dotnet\sdk\10.0.300-preview.0.26177.108\NuGet.Build.Tasks.dll".
       Task "GetProjectTargetFrameworksTask"
         Assembly loaded during TaskRun (NuGet.Build.Tasks.GetProjectTargetFrameworksTask): NuGet.Frameworks, Version=7.6.0.0, Culture=neutral, PublicKeyToken=31bf3856ad364e35 (location: C:\Program Files\dotnet\sdk\10.0.300-preview.0.26177.108\NuGet.Frameworks.dll, MVID: 2598622b-74c7-447c-9c08-5e43b0f3f81f, AssemblyLoadContext: MSBuild plugin C:\Program Files\dotnet\sdk\10.0.300-preview.0.26177.108\NuGet.Build.Tasks.dll)
       Done executing task "GetProjectTargetFrameworksTask".
   2:5>Done building target "_GetRestoreTargetFrameworksOutput" in project "TaskManagerPlus.csproj".
       Target "_GetRestoreSettings" skipped. Previously built successfully.
   2:5>Target "_GenerateRestoreProjectSpec" in file "C:\Program Files\dotnet\sdk\10.0.300-preview.0.26177.108\NuGet.targets" from project "D:\TaskManager\TaskManagerPlus\TaskManagerPlus\TaskManagerPlus.csproj" (target "_GenerateProjectRestoreGraph" depends on it):
   2:5>Done building target "_GenerateRestoreProjectSpec" in project "TaskManagerPlus.csproj".
       Target "_GetRestoreProjectStyle" skipped. Previously built successfully.
       Target "CollectPackageReferences" skipped. Previously built successfully.
   2:5>Target "CollectPackageDownloads" in file "C:\Program Files\dotnet\sdk\10.0.300-preview.0.26177.108\NuGet.targets" from project "D:\TaskManager\TaskManagerPlus\TaskManagerPlus\TaskManagerPlus.csproj" (target "_CollectRestoreInputs" depends on it):
       Task "CheckForDuplicateNuGetItemsTask"
       Done executing task "CheckForDuplicateNuGetItemsTask".
   2:5>Done building target "CollectPackageDownloads" in project "TaskManagerPlus.csproj".
   2:5>Target "CollectFrameworkReferences" in file "C:\Program Files\dotnet\sdk\10.0.300-preview.0.26177.108\NuGet.targets" from project "D:\TaskManager\TaskManagerPlus\TaskManagerPlus\TaskManagerPlus.csproj" (target "_CollectRestoreInputs" depends on it):
   2:5>Done building target "CollectFrameworkReferences" in project "TaskManagerPlus.csproj".
   2:5>Target "CollectCentralPackageVersions" in file "C:\Program Files\dotnet\sdk\10.0.300-preview.0.26177.108\NuGet.targets" from project "D:\TaskManager\TaskManagerPlus\TaskManagerPlus\TaskManagerPlus.csproj" (target "_CollectRestoreInputs" depends on it):
       Task "CheckForDuplicateNuGetItemsTask"
       Done executing task "CheckForDuplicateNuGetItemsTask".
   2:5>Done building target "CollectCentralPackageVersions" in project "TaskManagerPlus.csproj".
   2:5>Target "CollectNuGetAuditSuppressions" in file "C:\Program Files\dotnet\sdk\10.0.300-preview.0.26177.108\NuGet.targets" from project "D:\TaskManager\TaskManagerPlus\TaskManagerPlus\TaskManagerPlus.csproj" (target "_CollectRestoreInputs" depends on it):
       Task "CheckForDuplicateNuGetItemsTask"
       Done executing task "CheckForDuplicateNuGetItemsTask".
   2:5>Done building target "CollectNuGetAuditSuppressions" in project "TaskManagerPlus.csproj".
   2:5>Target "CollectPrunePackageReferences" in file "C:\Program Files\dotnet\sdk\10.0.300-preview.0.26177.108\NuGet.targets" from project "D:\TaskManager\TaskManagerPlus\TaskManagerPlus\TaskManagerPlus.csproj" (target "_CollectRestoreInputs" depends on it):
       Task "CheckForDuplicateNuGetItemsTask"
       Done executing task "CheckForDuplicateNuGetItemsTask".
   2:5>Done building target "CollectPrunePackageReferences" in project "TaskManagerPlus.csproj".
   2:5>Target "_CollectRestoreInputs" in file "C:\Program Files\dotnet\sdk\10.0.300-preview.0.26177.108\NuGet.targets" from project "D:\TaskManager\TaskManagerPlus\TaskManagerPlus\TaskManagerPlus.csproj" (target "_GenerateProjectRestoreGraphPerFramework" depends on it):
   2:5>Done building target "_CollectRestoreInputs" in project "TaskManagerPlus.csproj".
   2:5>Target "_GenerateProjectRestoreGraphPerFramework" in file "C:\Program Files\dotnet\sdk\10.0.300-preview.0.26177.108\NuGet.targets" from project "D:\TaskManager\TaskManagerPlus\TaskManagerPlus\TaskManagerPlus.csproj" (target "_GenerateProjectRestoreGraphCurrentProject" depends on it):
       Using "GetRestoreProjectReferencesTask" task from assembly "C:\Program Files\dotnet\sdk\10.0.300-preview.0.26177.108\NuGet.Build.Tasks.dll".
       Task "GetRestoreProjectReferencesTask"
       Done executing task "GetRestoreProjectReferencesTask".
       Using "GetRestoreNuGetAuditSuppressionsTask" task from assembly "C:\Program Files\dotnet\sdk\10.0.300-preview.0.26177.108\NuGet.Build.Tasks.dll".
       Task "GetRestoreNuGetAuditSuppressionsTask"
       Done executing task "GetRestoreNuGetAuditSuppressionsTask".
       Using "GetRestorePrunePackageReferencesTask" task from assembly "C:\Program Files\dotnet\sdk\10.0.300-preview.0.26177.108\NuGet.Build.Tasks.dll".
       Task "GetRestorePrunePackageReferencesTask"
       Done executing task "GetRestorePrunePackageReferencesTask".
   2:5>Done building target "_GenerateProjectRestoreGraphPerFramework" in project "TaskManagerPlus.csproj".
   2:5>Target "_GenerateProjectRestoreGraphCurrentProject" in file "C:\Program Files\dotnet\sdk\10.0.300-preview.0.26177.108\NuGet.targets" from project "D:\TaskManager\TaskManagerPlus\TaskManagerPlus\TaskManagerPlus.csproj" (target "_GenerateRestoreDependencies" depends on it):
   2:5>Done building target "_GenerateProjectRestoreGraphCurrentProject" in project "TaskManagerPlus.csproj".
   2:5>Target "_GenerateRestoreDependencies" in file "C:\Program Files\dotnet\sdk\10.0.300-preview.0.26177.108\NuGet.targets" from project "D:\TaskManager\TaskManagerPlus\TaskManagerPlus\TaskManagerPlus.csproj" (target "_GenerateProjectRestoreGraph" depends on it):
   2:5>Done building target "_GenerateRestoreDependencies" in project "TaskManagerPlus.csproj".
   2:5>Target "_GenerateProjectRestoreGraph" in file "C:\Program Files\dotnet\sdk\10.0.300-preview.0.26177.108\NuGet.targets" from project "D:\TaskManager\TaskManagerPlus\TaskManagerPlus\TaskManagerPlus.csproj" (entry point):
   2:5>Done building target "_GenerateProjectRestoreGraph" in project "TaskManagerPlus.csproj".
   2:5>Done Building Project "D:\TaskManager\TaskManagerPlus\TaskManagerPlus\TaskManagerPlus.csproj" (_GenerateProjectRestoreGraph target(s)).
     1>Done executing task "MSBuild".
     1>Done building target "_GenerateRestoreGraph" in project "TaskManagerPlus.sln".
     1>Target "Restore" in file "C:\Program Files\dotnet\sdk\10.0.300-preview.0.26177.108\NuGet.targets" from project "D:\TaskManager\TaskManagerPlus\TaskManagerPlus\TaskManagerPlus.sln" (entry point):
       Task "RemoveDuplicates"
       Done executing task "RemoveDuplicates".
       Using "RestoreTask" task from assembly "C:\Program Files\dotnet\sdk\10.0.300-preview.0.26177.108\NuGet.Build.Tasks.dll".
       Task "RestoreTask"
         Assembly loaded during TaskRun (NuGet.Build.Tasks.RestoreTask): NuGet.Packaging, Version=7.6.0.0, Culture=neutral, PublicKeyToken=31bf3856ad364e35 (location: C:\Program Files\dotnet\sdk\10.0.300-preview.0.26177.108\NuGet.Packaging.dll, MVID: ce123a23-627e-48c3-8460-1646c74cf9ff, AssemblyLoadContext: MSBuild plugin C:\Program Files\dotnet\sdk\10.0.300-preview.0.26177.108\NuGet.Build.Tasks.dll)
         Assembly loaded during TaskRun (NuGet.Build.Tasks.RestoreTask): NuGet.Versioning, Version=7.6.0.0, Culture=neutral, PublicKeyToken=31bf3856ad364e35 (location: C:\Program Files\dotnet\sdk\10.0.300-preview.0.26177.108\NuGet.Versioning.dll, MVID: 2b47100b-9cdb-47a2-9b9f-7116cc1d70b5, AssemblyLoadContext: MSBuild plugin C:\Program Files\dotnet\sdk\10.0.300-preview.0.26177.108\NuGet.Build.Tasks.dll)
         Assembly loaded during TaskRun (NuGet.Build.Tasks.RestoreTask): NuGet.LibraryModel, Version=7.6.0.0, Culture=neutral, PublicKeyToken=31bf3856ad364e35 (location: C:\Program Files\dotnet\sdk\10.0.300-preview.0.26177.108\NuGet.LibraryModel.dll, MVID: 59dcfe86-10af-4646-ae1b-6219d5681b1d, AssemblyLoadContext: MSBuild plugin C:\Program Files\dotnet\sdk\10.0.300-preview.0.26177.108\NuGet.Build.Tasks.dll)
         Assembly loaded during TaskRun (NuGet.Build.Tasks.RestoreTask): NuGet.Protocol, Version=7.6.0.0, Culture=neutral, PublicKeyToken=31bf3856ad364e35 (location: C:\Program Files\dotnet\sdk\10.0.300-preview.0.26177.108\NuGet.Protocol.dll, MVID: 9b907f9d-6d21-4af9-9b61-68fd19f000b9, AssemblyLoadContext: MSBuild plugin C:\Program Files\dotnet\sdk\10.0.300-preview.0.26177.108\NuGet.Build.Tasks.dll)
         Assembly loaded during TaskRun (NuGet.Build.Tasks.RestoreTask): NuGet.Credentials, Version=7.6.0.0, Culture=neutral, PublicKeyToken=31bf3856ad364e35 (location: C:\Program Files\dotnet\sdk\10.0.300-preview.0.26177.108\NuGet.Credentials.dll, MVID: dae3cc06-0598-4f7f-bfd5-203e9e89aa78, AssemblyLoadContext: MSBuild plugin C:\Program Files\dotnet\sdk\10.0.300-preview.0.26177.108\NuGet.Build.Tasks.dll)
         X.509 certificate chain validation will use the default trust store selected by .NET for code signing.
         X.509 certificate chain validation will use the default trust store selected by .NET for timestamping.
         Assembly loaded during TaskRun (NuGet.Build.Tasks.RestoreTask): NuGet.DependencyResolver.Core, Version=7.6.0.0, Culture=neutral, PublicKeyToken=31bf3856ad364e35 (location: C:\Program Files\dotnet\sdk\10.0.300-preview.0.26177.108\NuGet.DependencyResolver.Core.dll, MVID: 1f5314a3-7b3c-4a38-babb-ab3747a37195, AssemblyLoadContext: MSBuild plugin C:\Program Files\dotnet\sdk\10.0.300-preview.0.26177.108\NuGet.Build.Tasks.dll)
         Nothing to do. None of the projects specified contain packages to restore.
       Done executing task "RestoreTask".
     1>Done building target "Restore" in project "TaskManagerPlus.sln".
     1>Done Building Project "D:\TaskManager\TaskManagerPlus\TaskManagerPlus\TaskManagerPlus.sln" (Restore target(s)).
     0>D:\TaskManager\TaskManagerPlus\TaskManagerPlus\TaskManagerPlus.sln.metaproj : message : Property 'MSBuildExtensionsPath' with value 'C:\Program Files\dotnet\sdk\10.0.300-preview.0.26177.108\' expanded from the environment.
       The "NuGetInteractive" property is a global property, and cannot be modified.
       C:\Program Files\dotnet\sdk\10.0.300-preview.0.26177.108\NuGet.targets(125,5): message : Property reassignment: $(_GenerateRestoreGraphProjectEntryInputProperties)="
       C:\Program Files\dotnet\sdk\10.0.300-preview.0.26177.108\NuGet.targets(125,5): message :       ExcludeRestorePackageImports=true;
       C:\Program Files\dotnet\sdk\10.0.300-preview.0.26177.108\NuGet.targets(125,5): message :       _RestoreSolutionFileUsed=true;
       C:\Program Files\dotnet\sdk\10.0.300-preview.0.26177.108\NuGet.targets(125,5): message :       SolutionDir=D:\TaskManager\TaskManagerPlus\TaskManagerPlus\;
       C:\Program Files\dotnet\sdk\10.0.300-preview.0.26177.108\NuGet.targets(125,5): message :       SolutionName=TaskManagerPlus;
       C:\Program Files\dotnet\sdk\10.0.300-preview.0.26177.108\NuGet.targets(125,5): message :       SolutionFileName=TaskManagerPlus.sln;
       C:\Program Files\dotnet\sdk\10.0.300-preview.0.26177.108\NuGet.targets(125,5): message :       SolutionPath=D:\TaskManager\TaskManagerPlus\TaskManagerPlus\TaskManagerPlus.sln;
       C:\Program Files\dotnet\sdk\10.0.300-preview.0.26177.108\NuGet.targets(125,5): message :       SolutionExt=.sln;
       C:\Program Files\dotnet\sdk\10.0.300-preview.0.26177.108\NuGet.targets(125,5): message :     " (previous value: "ExcludeRestorePackageImports=true") at C:\Program Files\dotnet\sdk\10.0.300-preview.0.26177.108\NuGet.targets (125,5)
       The target "_MTPBuild" listed in a BeforeTargets attribute at "C:\Program Files\dotnet\sdk\10.0.300-preview.0.26177.108\Current\SolutionFile\ImportAfter\Microsoft.NET.Sdk.Solution.targets (24,11)" does not exist in the project, and will be ignored.
       The target "Store" listed in a BeforeTargets attribute at "C:\Program Files\dotnet\sdk\10.0.300-preview.0.26177.108\Current\SolutionFile\ImportAfter\Microsoft.NET.Sdk.Solution.targets (33,11)" does not exist in the project, and will be ignored.
       The target "VSTest" listed in a BeforeTargets attribute at "C:\Program Files\dotnet\sdk\10.0.300-preview.0.26177.108\Current\SolutionFile\ImportAfter\Microsoft.NET.Sdk.Solution.targets (33,11)" does not exist in the project, and will be ignored.
       The target "_MTPBuild" listed in a BeforeTargets attribute at "C:\Program Files\dotnet\sdk\10.0.300-preview.0.26177.108\Current\SolutionFile\ImportAfter\Microsoft.NET.Sdk.Solution.targets (33,11)" does not exist in the project, and will be ignored.
       The target "_CheckForInvalidConfigurationAndPlatform" listed in a BeforeTargets attribute at "C:\Program Files\dotnet\sdk\10.0.300-preview.0.26177.108\NuGet.targets (705,11)" does not exist in the project, and will be ignored.
   1:2>Project "D:\TaskManager\TaskManagerPlus\TaskManagerPlus\TaskManagerPlus.sln" on node 1 (default targets).
   1:2>Target "ValidateSolutionConfiguration" in file "D:\TaskManager\TaskManagerPlus\TaskManagerPlus\TaskManagerPlus.sln.metaproj" from project "D:\TaskManager\TaskManagerPlus\TaskManagerPlus\TaskManagerPlus.sln" (entry point):
   1:2>Using "Message" task from assembly "Microsoft.Build.Tasks.Core, Version=15.1.0.0, Culture=neutral, PublicKeyToken=b03f5f7f11d50a3a".
       Task "Message"
         Building solution configuration "Debug|Any CPU".
       Done executing task "Message".
   1:2>Done building target "ValidateSolutionConfiguration" in project "TaskManagerPlus.sln".
   1:2>Target "ValidateToolsVersions" in file "D:\TaskManager\TaskManagerPlus\TaskManagerPlus\TaskManagerPlus.sln.metaproj" from project "D:\TaskManager\TaskManagerPlus\TaskManagerPlus\TaskManagerPlus.sln" (entry point):
   1:2>Done building target "ValidateToolsVersions" in project "TaskManagerPlus.sln".
   1:2>Target "ValidateProjects" in file "D:\TaskManager\TaskManagerPlus\TaskManagerPlus\TaskManagerPlus.sln.metaproj" from project "D:\TaskManager\TaskManagerPlus\TaskManagerPlus\TaskManagerPlus.sln" (entry point):
   1:2>Done building target "ValidateProjects" in project "TaskManagerPlus.sln".
   1:2>Target "Build" in file "D:\TaskManager\TaskManagerPlus\TaskManagerPlus\TaskManagerPlus.sln.metaproj" from project "D:\TaskManager\TaskManagerPlus\TaskManagerPlus\TaskManagerPlus.sln" (entry point):
       Using "MSBuild" task from assembly "Microsoft.Build.Tasks.Core, Version=15.1.0.0, Culture=neutral, PublicKeyToken=b03f5f7f11d50a3a".
       Task "MSBuild"
         Global Properties:
           BuildingSolutionFile=true
           CurrentSolutionConfigurationContents=<SolutionConfiguration>
           <ProjectConfiguration Project="{685AD3A5-8793-E91A-ED69-82CEB55A0C61}" AbsolutePath="D:\TaskManager\TaskManagerPlus\TaskManagerPlus\TaskManagerPlus.csproj" BuildProjectInSolution="True">Debug|AnyCPU</ProjectConfiguration>
         </SolutionConfiguration>
           SolutionDir=D:\TaskManager\TaskManagerPlus\TaskManagerPlus\
           SolutionExt=.sln
           SolutionFileName=TaskManagerPlus.sln
           SolutionName=TaskManagerPlus
           SolutionPath=D:\TaskManager\TaskManagerPlus\TaskManagerPlus\TaskManagerPlus.sln
         Additional Properties for project "D:\TaskManager\TaskManagerPlus\TaskManagerPlus\TaskManagerPlus.csproj":
           Configuration=Debug
           Platform=AnyCPU
     0>D:\TaskManager\TaskManagerPlus\TaskManagerPlus\TaskManagerPlus.csproj(3,92): message : Property 'MSBuildExtensionsPath' with value 'C:\Program Files\dotnet\sdk\10.0.300-preview.0.26177.108\' expanded from the environment.
       C:\Program Files\dotnet\sdk\10.0.300-preview.0.26177.108\Current\Microsoft.Common.props(60,5): message : Property reassignment: $(MSBuildProjectExtensionsPath)="D:\TaskManager\TaskManagerPlus\TaskManagerPlus\obj\" (previous value: "obj\") at C:\Program Files\dotnet\sdk\10.0.300-preview.0.26177.108\Current\Microsoft.Common.props (60,5)
       C:\Program Files\dotnet\sdk\10.0.300-preview.0.26177.108\Current\Microsoft.Common.props(84,119): message : Property 'MSBuildUserExtensionsPath' with value 'C:\Users\TRAN THOM\AppData\Local\Microsoft\MSBuild' expanded from the environment.
       The "Configuration" property is a global property, and cannot be modified.
       The "Platform" property is a global property, and cannot be modified.
       The "Configuration" property is a global property, and cannot be modified.
       The "Platform" property is a global property, and cannot be modified.
       C:\Program Files\dotnet\sdk\10.0.300-preview.0.26177.108\Roslyn\Microsoft.CSharp.Core.targets(213,5): message : Property reassignment: $(CommandLineArgsForDesignTimeEvaluation)="-langversion:7.3 -define:DEBUG;TRACE" (previous value: "-langversion:7.3") at C:\Program Files\dotnet\sdk\10.0.300-preview.0.26177.108\Roslyn\Microsoft.CSharp.Core.targets (213,5)
       C:\Program Files\dotnet\sdk\10.0.300-preview.0.26177.108\Microsoft.NETFramework.CurrentVersion.props(117,5): message : Property reassignment: $(AvailablePlatforms)="Any CPU,x86,x64,ARM64" (previous value: "Any CPU,x86,x64") at C:\Program Files\dotnet\sdk\10.0.300-preview.0.26177.108\Microsoft.NETFramework.CurrentVersion.props (117,5)
       The "Platform" property is a global property, and cannot be modified.
       The "Configuration" property is a global property, and cannot be modified.
       C:\Program Files\dotnet\sdk\10.0.300-preview.0.26177.108\Microsoft.Common.CurrentVersion.targets(175,5): message : Property reassignment: $(_DebugSymbolsProduced)="true" (previous value: "false") at C:\Program Files\dotnet\sdk\10.0.300-preview.0.26177.108\Microsoft.Common.CurrentVersion.targets (175,5)
       C:\Program Files\dotnet\sdk\10.0.300-preview.0.26177.108\Microsoft.Common.CurrentVersion.targets(185,5): message : Property reassignment: $(_DocumentationFileProduced)="false" (previous value: "true") at C:\Program Files\dotnet\sdk\10.0.300-preview.0.26177.108\Microsoft.Common.CurrentVersion.targets (185,5)
       The "SolutionName" property is a global property, and cannot be modified.
       The "SolutionFileName" property is a global property, and cannot be modified.
       The "SolutionPath" property is a global property, and cannot be modified.
       The "SolutionDir" property is a global property, and cannot be modified.
       The "SolutionExt" property is a global property, and cannot be modified.
       C:\Program Files\dotnet\sdk\10.0.300-preview.0.26177.108\Microsoft.Common.CurrentVersion.targets(392,5): message : Property reassignment: $(MSBuildCopyMarkerName)="TaskMana.651D2760" (previous value: "TaskManagerPlus.csproj") at C:\Program Files\dotnet\sdk\10.0.300-preview.0.26177.108\Microsoft.Common.CurrentVersion.targets (392,5)
       C:\Program Files\dotnet\sdk\10.0.300-preview.0.26177.108\Microsoft.Common.CurrentVersion.targets(393,5): message : Property reassignment: $(MSBuildCopyMarkerName)="TaskMana.651D2760.Up2Date" (previous value: "TaskMana.651D2760") at C:\Program Files\dotnet\sdk\10.0.300-preview.0.26177.108\Microsoft.Common.CurrentVersion.targets (393,5)
       C:\Program Files\dotnet\sdk\10.0.300-preview.0.26177.108\Microsoft.Common.CurrentVersion.targets(528,5): message : Property reassignment: $(ProcessorArchitecture)="amd64" (previous value: "x64") at C:\Program Files\dotnet\sdk\10.0.300-preview.0.26177.108\Microsoft.Common.CurrentVersion.targets (528,5)
       C:\Program Files\dotnet\sdk\10.0.300-preview.0.26177.108\Microsoft.Common.CurrentVersion.targets(580,5): message : Property reassignment: $(DelaySign)="" (previous value: "false") at C:\Program Files\dotnet\sdk\10.0.300-preview.0.26177.108\Microsoft.Common.CurrentVersion.targets (580,5)
       C:\Program Files\dotnet\sdk\10.0.300-preview.0.26177.108\Microsoft.Common.CurrentVersion.targets(649,5): message : Property reassignment: $(AssemblySearchPaths)="{CandidateAssemblyFiles};" (previous value: "{CandidateAssemblyFiles}") at C:\Program Files\dotnet\sdk\10.0.300-preview.0.26177.108\Microsoft.Common.CurrentVersion.targets (649,5)
       C:\Program Files\dotnet\sdk\10.0.300-preview.0.26177.108\Microsoft.Common.CurrentVersion.targets(650,5): message : Property reassignment: $(AssemblySearchPaths)="{CandidateAssemblyFiles};;{HintPathFromItem}" (previous value: "{CandidateAssemblyFiles};") at C:\Program Files\dotnet\sdk\10.0.300-preview.0.26177.108\Microsoft.Common.CurrentVersion.targets (650,5)
       C:\Program Files\dotnet\sdk\10.0.300-preview.0.26177.108\Microsoft.Common.CurrentVersion.targets(651,5): message : Property reassignment: $(AssemblySearchPaths)="{CandidateAssemblyFiles};;{HintPathFromItem};{TargetFrameworkDirectory}" (previous value: "{CandidateAssemblyFiles};;{HintPathFromItem}") at C:\Program Files\dotnet\sdk\10.0.300-preview.0.26177.108\Microsoft.Common.CurrentVersion.targets (651,5)
       C:\Program Files\dotnet\sdk\10.0.300-preview.0.26177.108\Microsoft.Common.CurrentVersion.targets(652,5): message : Property reassignment: $(AssemblySearchPaths)="{CandidateAssemblyFiles};;{HintPathFromItem};{TargetFrameworkDirectory};" (previous value: "{CandidateAssemblyFiles};;{HintPathFromItem};{TargetFrameworkDirectory}") at C:\Program Files\dotnet\sdk\10.0.300-preview.0.26177.108\Microsoft.Common.CurrentVersion.targets (652,5)
       C:\Program Files\dotnet\sdk\10.0.300-preview.0.26177.108\Microsoft.Common.CurrentVersion.targets(653,5): message : Property reassignment: $(AssemblySearchPaths)="{CandidateAssemblyFiles};;{HintPathFromItem};{TargetFrameworkDirectory};;{Registry:Software\Microsoft\.NETFramework,v4.7.2,AssemblyFoldersEx}" (previous value: "{CandidateAssemblyFiles};;{HintPathFromItem};{TargetFrameworkDirectory};") at C:\Program Files\dotnet\sdk\10.0.300-preview.0.26177.108\Microsoft.Common.CurrentVersion.targets (653,5)
       C:\Program Files\dotnet\sdk\10.0.300-preview.0.26177.108\Microsoft.Common.CurrentVersion.targets(654,5): message : Property reassignment: $(AssemblySearchPaths)="{CandidateAssemblyFiles};;{HintPathFromItem};{TargetFrameworkDirectory};;{Registry:Software\Microsoft\.NETFramework,v4.7.2,AssemblyFoldersEx};{AssemblyFolders}" (previous value: "{CandidateAssemblyFiles};;{HintPathFromItem};{TargetFrameworkDirectory};;{Registry:Software\Microsoft\.NETFramework,v4.7.2,AssemblyFoldersEx}") at C:\Program Files\dotnet\sdk\10.0.300-preview.0.26177.108\Microsoft.Common.CurrentVersion.targets (654,5)
       C:\Program Files\dotnet\sdk\10.0.300-preview.0.26177.108\Microsoft.Common.CurrentVersion.targets(655,5): message : Property reassignment: $(AssemblySearchPaths)="{CandidateAssemblyFiles};;{HintPathFromItem};{TargetFrameworkDirectory};;{Registry:Software\Microsoft\.NETFramework,v4.7.2,AssemblyFoldersEx};{AssemblyFolders};{GAC}" (previous value: "{CandidateAssemblyFiles};;{HintPathFromItem};{TargetFrameworkDirectory};;{Registry:Software\Microsoft\.NETFramework,v4.7.2,AssemblyFoldersEx};{AssemblyFolders}") at C:\Program Files\dotnet\sdk\10.0.300-preview.0.26177.108\Microsoft.Common.CurrentVersion.targets (655,5)
       C:\Program Files\dotnet\sdk\10.0.300-preview.0.26177.108\Microsoft.Common.CurrentVersion.targets(656,5): message : Property reassignment: $(AssemblySearchPaths)="{CandidateAssemblyFiles};;{HintPathFromItem};{TargetFrameworkDirectory};;{Registry:Software\Microsoft\.NETFramework,v4.7.2,AssemblyFoldersEx};{AssemblyFolders};{GAC};{RawFileName}" (previous value: "{CandidateAssemblyFiles};;{HintPathFromItem};{TargetFrameworkDirectory};;{Registry:Software\Microsoft\.NETFramework,v4.7.2,AssemblyFoldersEx};{AssemblyFolders};{GAC}") at C:\Program Files\dotnet\sdk\10.0.300-preview.0.26177.108\Microsoft.Common.CurrentVersion.targets (656,5)
       C:\Program Files\dotnet\sdk\10.0.300-preview.0.26177.108\Microsoft.Common.CurrentVersion.targets(657,5): message : Property reassignment: $(AssemblySearchPaths)="{CandidateAssemblyFiles};;{HintPathFromItem};{TargetFrameworkDirectory};;{Registry:Software\Microsoft\.NETFramework,v4.7.2,AssemblyFoldersEx};{AssemblyFolders};{GAC};{RawFileName};bin\Debug\" (previous value: "{CandidateAssemblyFiles};;{HintPathFromItem};{TargetFrameworkDirectory};;{Registry:Software\Microsoft\.NETFramework,v4.7.2,AssemblyFoldersEx};{AssemblyFolders};{GAC};{RawFileName}") at C:\Program Files\dotnet\sdk\10.0.300-preview.0.26177.108\Microsoft.Common.CurrentVersion.targets (657,5)
       C:\Program Files\dotnet\sdk\10.0.300-preview.0.26177.108\Microsoft.Common.CurrentVersion.targets(2622,5): message : Property 'LOCALAPPDATA' with value 'C:\Users\TRAN THOM\AppData\Local' expanded from the environment.
       C:\Program Files\dotnet\sdk\10.0.300-preview.0.26177.108\Microsoft.Common.CurrentVersion.targets(3950,5): message : Property reassignment: $(_SGenGenerateSerializationAssembliesConfig)="Auto" (previous value: "") at C:\Program Files\dotnet\sdk\10.0.300-preview.0.26177.108\Microsoft.Common.CurrentVersion.targets (3950,5)
       C:\Program Files\dotnet\sdk\10.0.300-preview.0.26177.108\Microsoft.Common.CurrentVersion.targets(3951,5): message : Property reassignment: $(_SGenGenerateSerializationAssembliesConfig)="Off" (previous value: "Auto") at C:\Program Files\dotnet\sdk\10.0.300-preview.0.26177.108\Microsoft.Common.CurrentVersion.targets (3951,5)
       C:\Program Files\dotnet\sdk\10.0.300-preview.0.26177.108\Microsoft.Common.CurrentVersion.targets(5162,5): message : Property reassignment: $(_TargetsThatPrepareProjectReferences)="
       C:\Program Files\dotnet\sdk\10.0.300-preview.0.26177.108\Microsoft.Common.CurrentVersion.targets(5162,5): message :       AssignProjectConfiguration;
       C:\Program Files\dotnet\sdk\10.0.300-preview.0.26177.108\Microsoft.Common.CurrentVersion.targets(5162,5): message :       _SplitProjectReferencesByFileExistence
       C:\Program Files\dotnet\sdk\10.0.300-preview.0.26177.108\Microsoft.Common.CurrentVersion.targets(5162,5): message :     " (previous value: "_SplitProjectReferencesByFileExistence") at C:\Program Files\dotnet\sdk\10.0.300-preview.0.26177.108\Microsoft.Common.CurrentVersion.targets (5162,5)
       C:\Program Files\dotnet\sdk\10.0.300-preview.0.26177.108\Microsoft.Common.CurrentVersion.targets(6975,5): message : Property 'MSBuildExtensionsPath32' with value 'C:\Program Files\dotnet\sdk\10.0.300-preview.0.26177.108' expanded from the environment.
       C:\Program Files\dotnet\sdk\10.0.300-preview.0.26177.108\Microsoft.NETFramework.CurrentVersion.targets(74,5): message : Property reassignment: $(ResolveReferencesDependsOn)="
       C:\Program Files\dotnet\sdk\10.0.300-preview.0.26177.108\Microsoft.NETFramework.CurrentVersion.targets(74,5): message :       
       C:\Program Files\dotnet\sdk\10.0.300-preview.0.26177.108\Microsoft.NETFramework.CurrentVersion.targets(74,5): message :       BeforeResolveReferences;
       C:\Program Files\dotnet\sdk\10.0.300-preview.0.26177.108\Microsoft.NETFramework.CurrentVersion.targets(74,5): message :       AssignProjectConfiguration;
       C:\Program Files\dotnet\sdk\10.0.300-preview.0.26177.108\Microsoft.NETFramework.CurrentVersion.targets(74,5): message :       ResolveProjectReferences;
       C:\Program Files\dotnet\sdk\10.0.300-preview.0.26177.108\Microsoft.NETFramework.CurrentVersion.targets(74,5): message :       FindInvalidProjectReferences;
       C:\Program Files\dotnet\sdk\10.0.300-preview.0.26177.108\Microsoft.NETFramework.CurrentVersion.targets(74,5): message :       ResolveNativeReferences;
       C:\Program Files\dotnet\sdk\10.0.300-preview.0.26177.108\Microsoft.NETFramework.CurrentVersion.targets(74,5): message :       ResolveAssemblyReferences;
       C:\Program Files\dotnet\sdk\10.0.300-preview.0.26177.108\Microsoft.NETFramework.CurrentVersion.targets(74,5): message :       GenerateBindingRedirects;
       C:\Program Files\dotnet\sdk\10.0.300-preview.0.26177.108\Microsoft.NETFramework.CurrentVersion.targets(74,5): message :       GenerateBindingRedirectsUpdateAppConfig;
       C:\Program Files\dotnet\sdk\10.0.300-preview.0.26177.108\Microsoft.NETFramework.CurrentVersion.targets(74,5): message :       ResolveComReferences;
       C:\Program Files\dotnet\sdk\10.0.300-preview.0.26177.108\Microsoft.NETFramework.CurrentVersion.targets(74,5): message :       AfterResolveReferences
       C:\Program Files\dotnet\sdk\10.0.300-preview.0.26177.108\Microsoft.NETFramework.CurrentVersion.targets(74,5): message :     ;
       C:\Program Files\dotnet\sdk\10.0.300-preview.0.26177.108\Microsoft.NETFramework.CurrentVersion.targets(74,5): message :       ImplicitlyExpandDesignTimeFacades
       C:\Program Files\dotnet\sdk\10.0.300-preview.0.26177.108\Microsoft.NETFramework.CurrentVersion.targets(74,5): message :     " (previous value: "
       C:\Program Files\dotnet\sdk\10.0.300-preview.0.26177.108\Microsoft.NETFramework.CurrentVersion.targets(74,5): message :       BeforeResolveReferences;
       C:\Program Files\dotnet\sdk\10.0.300-preview.0.26177.108\Microsoft.NETFramework.CurrentVersion.targets(74,5): message :       AssignProjectConfiguration;
       C:\Program Files\dotnet\sdk\10.0.300-preview.0.26177.108\Microsoft.NETFramework.CurrentVersion.targets(74,5): message :       ResolveProjectReferences;
       C:\Program Files\dotnet\sdk\10.0.300-preview.0.26177.108\Microsoft.NETFramework.CurrentVersion.targets(74,5): message :       FindInvalidProjectReferences;
       C:\Program Files\dotnet\sdk\10.0.300-preview.0.26177.108\Microsoft.NETFramework.CurrentVersion.targets(74,5): message :       ResolveNativeReferences;
       C:\Program Files\dotnet\sdk\10.0.300-preview.0.26177.108\Microsoft.NETFramework.CurrentVersion.targets(74,5): message :       ResolveAssemblyReferences;
       C:\Program Files\dotnet\sdk\10.0.300-preview.0.26177.108\Microsoft.NETFramework.CurrentVersion.targets(74,5): message :       GenerateBindingRedirects;
       C:\Program Files\dotnet\sdk\10.0.300-preview.0.26177.108\Microsoft.NETFramework.CurrentVersion.targets(74,5): message :       GenerateBindingRedirectsUpdateAppConfig;
       C:\Program Files\dotnet\sdk\10.0.300-preview.0.26177.108\Microsoft.NETFramework.CurrentVersion.targets(74,5): message :       ResolveComReferences;
       C:\Program Files\dotnet\sdk\10.0.300-preview.0.26177.108\Microsoft.NETFramework.CurrentVersion.targets(74,5): message :       AfterResolveReferences
       C:\Program Files\dotnet\sdk\10.0.300-preview.0.26177.108\Microsoft.NETFramework.CurrentVersion.targets(74,5): message :     ") at C:\Program Files\dotnet\sdk\10.0.300-preview.0.26177.108\Microsoft.NETFramework.CurrentVersion.targets (74,5)
       The "NuGetInteractive" property is a global property, and cannot be modified.
       Overriding target "GetFrameworkPaths" in project "C:\Program Files\dotnet\sdk\10.0.300-preview.0.26177.108\Microsoft.Common.CurrentVersion.targets" with target "GetFrameworkPaths" from project "C:\Program Files\dotnet\sdk\10.0.300-preview.0.26177.108\Microsoft.NETFramework.CurrentVersion.targets".
       The target "ResolveNuGetPackageAssets" listed in an AfterTargets attribute at "C:\Program Files\dotnet\sdk\10.0.300-preview.0.26177.108\Microsoft\Microsoft.NET.Build.Extensions\Microsoft.NET.Build.Extensions.ConflictResolution.targets (27,11)" does not exist in the project, and will be ignored.
   1:2>Project "D:\TaskManager\TaskManagerPlus\TaskManagerPlus\TaskManagerPlus.sln" (1:2) is building "D:\TaskManager\TaskManagerPlus\TaskManagerPlus\TaskManagerPlus.csproj" (2:6) on node 1 (default targets).
   2:6>Project file contains ToolsVersion="15.0". This toolset may be unknown or missing, in which case you may be able to resolve this by installing the appropriate version of MSBuild, or the build may have been forced to a particular ToolsVersion for policy reasons. Treating the project as if it had ToolsVersion="Current". For more information, please see http://go.microsoft.com/fwlink/?LinkId=293424.
   2:6>Target "_CheckForInvalidConfigurationAndPlatform" in file "C:\Program Files\dotnet\sdk\10.0.300-preview.0.26177.108\Microsoft.Common.CurrentVersion.targets" from project "D:\TaskManager\TaskManagerPlus\TaskManagerPlus\TaskManagerPlus.csproj" (target "BeforeBuild" depends on it):
       Task "Message"
         Configuration=Debug
       Done executing task "Message".
       Task "Message"
         Platform=AnyCPU
       Done executing task "Message".
   2:6>Done building target "_CheckForInvalidConfigurationAndPlatform" in project "TaskManagerPlus.csproj".
   2:6>Target "BeforeBuild" in file "C:\Program Files\dotnet\sdk\10.0.300-preview.0.26177.108\Microsoft.Common.CurrentVersion.targets" from project "D:\TaskManager\TaskManagerPlus\TaskManagerPlus\TaskManagerPlus.csproj" (target "Build" depends on it):
   2:6>Done building target "BeforeBuild" in project "TaskManagerPlus.csproj".
   2:6>Target "BuildOnlySettings" in file "C:\Program Files\dotnet\sdk\10.0.300-preview.0.26177.108\Microsoft.Common.CurrentVersion.targets" from project "D:\TaskManager\TaskManagerPlus\TaskManagerPlus\TaskManagerPlus.csproj" (target "CoreBuild" depends on it):
       C:\Program Files\dotnet\sdk\10.0.300-preview.0.26177.108\Microsoft.Common.CurrentVersion.targets(1168,7): message : Property reassignment: $(BuildingProject)="true" (previous value: "false") at C:\Program Files\dotnet\sdk\10.0.300-preview.0.26177.108\Microsoft.Common.CurrentVersion.targets (1168,7) [D:\TaskManager\TaskManagerPlus\TaskManagerPlus\TaskManagerPlus.csproj]
   2:6>Done building target "BuildOnlySettings" in project "TaskManagerPlus.csproj".
   2:6>Target "GetFrameworkPaths" in file "C:\Program Files\dotnet\sdk\10.0.300-preview.0.26177.108\Microsoft.NETFramework.CurrentVersion.targets" from project "D:\TaskManager\TaskManagerPlus\TaskManagerPlus\TaskManagerPlus.csproj" (target "PrepareForBuild" depends on it):
   2:6>Done building target "GetFrameworkPaths" in project "TaskManagerPlus.csproj".
       Target "GetFrameworkPaths" skipped. Previously built successfully.
   2:6>Target "GetReferenceAssemblyPaths" in file "C:\Program Files\dotnet\sdk\10.0.300-preview.0.26177.108\Microsoft.Common.CurrentVersion.targets" from project "D:\TaskManager\TaskManagerPlus\TaskManagerPlus\TaskManagerPlus.csproj" (target "PrepareForBuild" depends on it):
       C:\Program Files\dotnet\sdk\10.0.300-preview.0.26177.108\Microsoft.Common.CurrentVersion.targets(1255,7): message : Property reassignment: $(TargetFrameworkDirectory)="" (previous value: "v4.0.30319") at C:\Program Files\dotnet\sdk\10.0.300-preview.0.26177.108\Microsoft.Common.CurrentVersion.targets (1255,7) [D:\TaskManager\TaskManagerPlus\TaskManagerPlus\TaskManagerPlus.csproj]
       Using "GetReferenceAssemblyPaths" task from assembly "Microsoft.Build.Tasks.Core, Version=15.1.0.0, Culture=neutral, PublicKeyToken=b03f5f7f11d50a3a".
       Task "GetReferenceAssemblyPaths"
       Done executing task "GetReferenceAssemblyPaths".
       C:\Program Files\dotnet\sdk\10.0.300-preview.0.26177.108\Microsoft.Common.CurrentVersion.targets(1272,7): message : Property reassignment: $(TargetFrameworkDirectory)="C:\Program Files %28x86%29\Reference Assemblies\Microsoft\Framework\.NETFramework\v4.7.2\;;" (previous value: "v4.0.30319") at C:\Program Files\dotnet\sdk\10.0.300-preview.0.26177.108\Microsoft.Common.CurrentVersion.targets (1272,7) [D:\TaskManager\TaskManagerPlus\TaskManagerPlus\TaskManagerPlus.csproj]
       C:\Program Files\dotnet\sdk\10.0.300-preview.0.26177.108\Microsoft.Common.CurrentVersion.targets(1293,7): message : Property reassignment: $(TargetFrameworkDirectory)="C:\Program Files %28x86%29\Reference Assemblies\Microsoft\Framework\.NETFramework\v4.7.2\;;;C:\Program Files %28x86%29\Reference Assemblies\Microsoft\Framework\.NETFramework\v4.7.2\Facades\" (previous value: "v4.0.30319") at C:\Program Files\dotnet\sdk\10.0.300-preview.0.26177.108\Microsoft.Common.CurrentVersion.targets (1293,7) [D:\TaskManager\TaskManagerPlus\TaskManagerPlus\TaskManagerPlus.csproj]
   2:6>Done building target "GetReferenceAssemblyPaths" in project "TaskManagerPlus.csproj".
   2:6>Target "PrepareForBuild" in file "C:\Program Files\dotnet\sdk\10.0.300-preview.0.26177.108\Microsoft.Common.CurrentVersion.targets" from project "D:\TaskManager\TaskManagerPlus\TaskManagerPlus\TaskManagerPlus.csproj" (target "CoreBuild" depends on it):
       Using "FindAppConfigFile" task from assembly "Microsoft.Build.Tasks.Core, Version=15.1.0.0, Culture=neutral, PublicKeyToken=b03f5f7f11d50a3a".
       Task "FindAppConfigFile"
         Found "App.config".
       Done executing task "FindAppConfigFile".
       Using "MakeDir" task from assembly "Microsoft.Build.Tasks.Core, Version=15.1.0.0, Culture=neutral, PublicKeyToken=b03f5f7f11d50a3a".
       Task "MakeDir"
       Done executing task "MakeDir".
   2:6>Done building target "PrepareForBuild" in project "TaskManagerPlus.csproj".
   2:6>Target "BeforeResolveReferences" in file "C:\Program Files\dotnet\sdk\10.0.300-preview.0.26177.108\Microsoft.Common.CurrentVersion.targets" from project "D:\TaskManager\TaskManagerPlus\TaskManagerPlus\TaskManagerPlus.csproj" (target "ResolveReferences" depends on it):
   2:6>Done building target "BeforeResolveReferences" in project "TaskManagerPlus.csproj".
   2:6>Target "IgnoreJavaScriptOutputAssembly" in file "C:\Program Files\dotnet\sdk\10.0.300-preview.0.26177.108\Microsoft.Common.CurrentVersion.targets" from project "D:\TaskManager\TaskManagerPlus\TaskManagerPlus\TaskManagerPlus.csproj" (target "AssignProjectConfiguration" depends on it):
   2:6>Done building target "IgnoreJavaScriptOutputAssembly" in project "TaskManagerPlus.csproj".
   2:6>Target "AssignProjectConfiguration" in file "C:\Program Files\dotnet\sdk\10.0.300-preview.0.26177.108\Microsoft.Common.CurrentVersion.targets" from project "D:\TaskManager\TaskManagerPlus\TaskManagerPlus\TaskManagerPlus.csproj" (target "ResolveReferences" depends on it):
       Using "AssignProjectConfiguration" task from assembly "Microsoft.Build.Tasks.Core, Version=15.1.0.0, Culture=neutral, PublicKeyToken=b03f5f7f11d50a3a".
       Task "AssignProjectConfiguration"
       Done executing task "AssignProjectConfiguration".
   2:6>Done building target "AssignProjectConfiguration" in project "TaskManagerPlus.csproj".
       Target "AssignProjectConfiguration" skipped. Previously built successfully.
   2:6>Target "_SplitProjectReferencesByFileExistence" in file "C:\Program Files\dotnet\sdk\10.0.300-preview.0.26177.108\Microsoft.Common.CurrentVersion.targets" from project "D:\TaskManager\TaskManagerPlus\TaskManagerPlus\TaskManagerPlus.csproj" (target "PrepareProjectReferences" depends on it):
   2:6>Done building target "_SplitProjectReferencesByFileExistence" in project "TaskManagerPlus.csproj".
   2:6>Target "_AddOutputPathToGlobalPropertiesToRemove" in file "C:\Program Files\dotnet\sdk\10.0.300-preview.0.26177.108\Microsoft.Common.CurrentVersion.targets" from project "D:\TaskManager\TaskManagerPlus\TaskManagerPlus\TaskManagerPlus.csproj" (target "_GetProjectReferenceTargetFrameworkProperties" depends on it):
   2:6>Done building target "_AddOutputPathToGlobalPropertiesToRemove" in project "TaskManagerPlus.csproj".
   2:6>Target "_GetProjectReferenceTargetFrameworkProperties" in file "C:\Program Files\dotnet\sdk\10.0.300-preview.0.26177.108\Microsoft.Common.CurrentVersion.targets" from project "D:\TaskManager\TaskManagerPlus\TaskManagerPlus\TaskManagerPlus.csproj" (target "PrepareProjectReferences" depends on it):
       Task "MSBuild"
       Done executing task "MSBuild".
       Using "SetRidAgnosticValueForProjects" task from assembly "Microsoft.Build.Tasks.Core, Version=15.1.0.0, Culture=neutral, PublicKeyToken=b03f5f7f11d50a3a".
       Task "SetRidAgnosticValueForProjects"
       Done executing task "SetRidAgnosticValueForProjects".
   2:6>Done building target "_GetProjectReferenceTargetFrameworkProperties" in project "TaskManagerPlus.csproj".
   2:6>Target "PrepareProjectReferences" in file "C:\Program Files\dotnet\sdk\10.0.300-preview.0.26177.108\Microsoft.Common.CurrentVersion.targets" from project "D:\TaskManager\TaskManagerPlus\TaskManagerPlus\TaskManagerPlus.csproj" (target "ResolveProjectReferences" depends on it):
   2:6>Done building target "PrepareProjectReferences" in project "TaskManagerPlus.csproj".
   2:6>Target "ResolveProjectReferences" in file "C:\Program Files\dotnet\sdk\10.0.300-preview.0.26177.108\Microsoft.Common.CurrentVersion.targets" from project "D:\TaskManager\TaskManagerPlus\TaskManagerPlus\TaskManagerPlus.csproj" (target "ResolveReferences" depends on it):
   2:6>Done building target "ResolveProjectReferences" in project "TaskManagerPlus.csproj".
       Target "ResolveProjectReferences" skipped. Previously built successfully.
       Target "GetFrameworkPaths" skipped. Previously built successfully.
       Target "GetReferenceAssemblyPaths" skipped. Previously built successfully.
       Target "PrepareForBuild" skipped. Previously built successfully.
   2:6>Target "ResolveSDKReferences" in file "C:\Program Files\dotnet\sdk\10.0.300-preview.0.26177.108\Microsoft.Common.CurrentVersion.targets" from project "D:\TaskManager\TaskManagerPlus\TaskManagerPlus\TaskManagerPlus.csproj" (target "ResolveAssemblyReferences" depends on it):
   2:6>Done building target "ResolveSDKReferences" in project "TaskManagerPlus.csproj".
       Target "ResolveSDKReferences" skipped. Previously built successfully.
   2:6>Target "ExpandSDKReferences" in file "C:\Program Files\dotnet\sdk\10.0.300-preview.0.26177.108\Microsoft.Common.CurrentVersion.targets" from project "D:\TaskManager\TaskManagerPlus\TaskManagerPlus\TaskManagerPlus.csproj" (target "ResolveAssemblyReferences" depends on it):
   2:6>Done building target "ExpandSDKReferences" in project "TaskManagerPlus.csproj".
   2:6>Target "ImplicitlyExpandNETStandardFacades" in file "C:\Program Files\dotnet\sdk\10.0.300-preview.0.26177.108\Microsoft\Microsoft.NET.Build.Extensions\Microsoft.NET.Build.Extensions.NETFramework.targets" from project "D:\TaskManager\TaskManagerPlus\TaskManagerPlus\TaskManagerPlus.csproj" (target "ResolveAssemblyReferences" depends on it):
   2:6>Done building target "ImplicitlyExpandNETStandardFacades" in project "TaskManagerPlus.csproj".
       Target "GetFrameworkPaths" skipped. Previously built successfully.
       Target "GetReferenceAssemblyPaths" skipped. Previously built successfully.
   2:6>Target "_HandlePackageFileConflicts" in file "C:\Program Files\dotnet\sdk\10.0.300-preview.0.26177.108\Microsoft\Microsoft.NET.Build.Extensions\Microsoft.NET.Build.Extensions.ConflictResolution.targets" from project "D:\TaskManager\TaskManagerPlus\TaskManagerPlus\TaskManagerPlus.csproj" (target "ResolveAssemblyReferences" depends on it):
       Using "ResolvePackageFileConflicts" task from assembly "C:\Program Files\dotnet\sdk\10.0.300-preview.0.26177.108\Microsoft\Microsoft.NET.Build.Extensions\\tools\net10.0\Microsoft.NET.Build.Extensions.Tasks.dll".
       Task "ResolvePackageFileConflicts"
       Done executing task "ResolvePackageFileConflicts".
   2:6>Done building target "_HandlePackageFileConflicts" in project "TaskManagerPlus.csproj".
   2:6>Target "ResolveAssemblyReferences" in file "C:\Program Files\dotnet\sdk\10.0.300-preview.0.26177.108\Microsoft.Common.CurrentVersion.targets" from project "D:\TaskManager\TaskManagerPlus\TaskManagerPlus\TaskManagerPlus.csproj" (target "ResolveReferences" depends on it):
       Using "ResolveAssemblyReference" task from assembly "Microsoft.Build.Tasks.Core, Version=15.1.0.0, Culture=neutral, PublicKeyToken=b03f5f7f11d50a3a".
       Task "ResolveAssemblyReference"
         TargetFrameworkMoniker:
             .NETFramework,Version=v4.7.2
         TargetFrameworkMonikerDisplayName:
             .NET Framework 4.7.2
         TargetedRuntimeVersion:
             v
         Assemblies:
             Newtonsoft.Json, Version=13.0.0.0, Culture=neutral, PublicKeyToken=30ad4fe6b2a6aeed, processorArchitecture=MSIL
                 HintPath = '..\packages\Newtonsoft.Json.13.0.4\lib\net45\Newtonsoft.Json.dll'
             MySql.Data, Version=8.0.33.0, Culture=neutral, PublicKeyToken=c5687fc88969c44d, processorArchitecture=MSIL
                 HintPath = '..\packages\MySql.Data.8.0.33\lib\net462\MySql.Data.dll'
             BlackSharp.Core
                 HintPath = '..\packages\BlackSharp.Core\lib\net472\BlackSharp.Core.dll'
             DiskInfoToolkit
                 HintPath = '..\packages\DiskInfoToolkit\lib\net472\DiskInfoToolkit.dll'
             HidSharp
                 HintPath = '..\packages\HidSharp\lib\net35\HidSharp.dll'
             LibreHardwareMonitorLib
                 HintPath = '..\packages\LibreHardwareMonitorLib\ref\net472\LibreHardwareMonitorLib.dll'
             RAMSPDToolkit-NDD
                 HintPath = '..\packages\RAMSPDToolkit-NDD\lib\net472\RAMSPDToolkit-NDD.dll'
             System.Buffers
                 HintPath = '..\packages\System.Buffers\lib\net462\System.Buffers.dll'
             System.CodeDom
                 HintPath = '..\packages\System.CodeDom\lib\net462\System.CodeDom.dll'
             System.Memory
                 HintPath = '..\packages\System.Memory\lib\net462\System.Memory.dll'
             System.Numerics.Vectors
                 HintPath = '..\packages\System.Numerics.Vectors\lib\net462\System.Numerics.Vectors.dll'
             System.Runtime.CompilerServices.Unsafe
                 HintPath = '..\packages\System.Runtime.CompilerServices.Unsafe\lib\net462\System.Runtime.CompilerServices.Unsafe.dll'
             System.Security.AccessControl
                 HintPath = '..\packages\System.Security.AccessControl\lib\net461\System.Security.AccessControl.dll'
             System.Security.Principal.Windows
                 HintPath = '..\packages\System.Security.Principal.Windows\lib\net461\System.Security.Principal.Windows.dll'
             System.Threading.AccessControl
                 HintPath = '..\packages\System.Threading.AccessControl\lib\net462\System.Threading.AccessControl.dll'
             System.Management
             System.Configuration
             System
             System.Xml.Linq
             System.Data.DataSetExtensions
             Microsoft.CSharp
             System.Data
             System.Deployment
             System.Drawing
             System.Net.Http
             System.Windows.Forms
             System.Xml
             System.Core
         AssemblyFiles:
             C:\Program Files (x86)\Reference Assemblies\Microsoft\Framework\.NETFramework\v4.7.2\mscorlib.dll
         CandidateAssemblyFiles:
             ..\packages\LibreHardwareMonitorLib\runtimes\win-x64\lib\net472\LibreHardwareMonitorLib.dll
         TargetFrameworkDirectories:
             C:\Program Files (x86)\Reference Assemblies\Microsoft\Framework\.NETFramework\v4.7.2\,C:\Program Files (x86)\Reference Assemblies\Microsoft\Framework\.NETFramework\v4.7.2\Facades\
         NonCultureResourceDirectories:
             
         InstalledAssemblyTables:
         IgnoreInstalledAssemblyTable:
             False
         SearchPaths:
             {CandidateAssemblyFiles}
             {HintPathFromItem}
             {TargetFrameworkDirectory}
             {Registry:Software\Microsoft\.NETFramework,v4.7.2,AssemblyFoldersEx}
             {AssemblyFolders}
             {GAC}
             {RawFileName}
             bin\Debug\
         AllowedAssemblyExtensions:
             .winmd
             .dll
             .exe
         AllowedRelatedFileExtensions:
             .pdb
             .xml
             .pri
             .dll.config
             .exe.config
         AppConfigFile:
             App.config
         AutoUnify:
             True
         EnableCustomCulture:
             False
         EnableCustomCulture:
             False
         CopyLocalDependenciesWhenParentReferenceInGac:
             True
         FindDependencies:
             True
         TargetProcessorArchitecture:
             amd64
         StateFile:
             obj\Debug\TaskManagerPlus.csproj.AssemblyReference.cache
         InstalledAssemblySubsetTables:
         IgnoreInstalledAssemblySubsetTable:
             False
         TargetFrameworkSubsets:
         FullTargetFrameworkSubsetNames:
             Full
         ProfileName:
             
         FullFrameworkFolders:
             C:\Program Files (x86)\Reference Assemblies\Microsoft\Framework\.NETFramework\v4.7.2\
         LatestTargetFrameworkDirectories:
         ProfileTablesLocation:
         Unified primary reference "mscorlib, Version=4.0.0.0, Culture=neutral, PublicKeyToken=b77a5c561934e089".
             Using this version instead of original version "2.0.0.0" in "D:\TaskManager\TaskManagerPlus\packages\HidSharp\lib\net35\HidSharp.dll" because there is a more recent version of this framework file.
             Resolved file path is "C:\Program Files (x86)\Reference Assemblies\Microsoft\Framework\.NETFramework\v4.7.2\mscorlib.dll".
             Reference found at search path location "C:\Program Files (x86)\Reference Assemblies\Microsoft\Framework\.NETFramework\v4.7.2\mscorlib.dll".
             This reference is not "CopyLocal" because it's a prerequisite file.
         Primary reference "Newtonsoft.Json, Version=13.0.0.0, Culture=neutral, PublicKeyToken=30ad4fe6b2a6aeed".
             Resolved file path is "D:\TaskManager\TaskManagerPlus\packages\Newtonsoft.Json.13.0.4\lib\net45\Newtonsoft.Json.dll".
             Reference found at search path location "{HintPathFromItem}".
                 For SearchPath "{CandidateAssemblyFiles}".
                 Considered "..\packages\LibreHardwareMonitorLib\runtimes\win-x64\lib\net472\LibreHardwareMonitorLib.dll",
         			but its name "LibreHardwareMonitorLib"
         			didn't match the expected name "Newtonsoft.Json, Version=13.0.0.0, Culture=neutral, PublicKeyToken=30ad4fe6b2a6aeed".
             Found related file "D:\TaskManager\TaskManagerPlus\packages\Newtonsoft.Json.13.0.4\lib\net45\Newtonsoft.Json.xml".
         Primary reference "MySql.Data, Version=8.0.33.0, Culture=neutral, PublicKeyToken=c5687fc88969c44d".
             Resolved file path is "D:\TaskManager\TaskManagerPlus\packages\MySql.Data.8.0.33\lib\net462\MySql.Data.dll".
             Reference found at search path location "{HintPathFromItem}".
                 For SearchPath "{CandidateAssemblyFiles}".
                 Considered "..\packages\LibreHardwareMonitorLib\runtimes\win-x64\lib\net472\LibreHardwareMonitorLib.dll",
         			but its name "LibreHardwareMonitorLib"
         			didn't match the expected name "MySql.Data, Version=8.0.33.0, Culture=neutral, PublicKeyToken=c5687fc88969c44d".
             Found related file "D:\TaskManager\TaskManagerPlus\packages\MySql.Data.8.0.33\lib\net462\MySql.Data.xml".
         Primary reference "BlackSharp.Core, Version=1.0.7.0, Culture=neutral, PublicKeyToken=null".
             Resolved file path is "D:\TaskManager\TaskManagerPlus\packages\BlackSharp.Core\lib\net472\BlackSharp.Core.dll".
             Reference found at search path location "{HintPathFromItem}".
                 For SearchPath "{CandidateAssemblyFiles}".
                 Considered "..\packages\LibreHardwareMonitorLib\runtimes\win-x64\lib\net472\LibreHardwareMonitorLib.dll",
         			but its name "LibreHardwareMonitorLib"
         			didn't match the expected name "BlackSharp.Core, Version=1.0.7.0, Culture=neutral, PublicKeyToken=null".
             Found related file "D:\TaskManager\TaskManagerPlus\packages\BlackSharp.Core\lib\net472\BlackSharp.Core.xml".
         Primary reference "DiskInfoToolkit, Version=1.1.1.0, Culture=neutral, PublicKeyToken=null".
             Resolved file path is "D:\TaskManager\TaskManagerPlus\packages\DiskInfoToolkit\lib\net472\DiskInfoToolkit.dll".
             Reference found at search path location "{HintPathFromItem}".
                 For SearchPath "{CandidateAssemblyFiles}".
                 Considered "..\packages\LibreHardwareMonitorLib\runtimes\win-x64\lib\net472\LibreHardwareMonitorLib.dll",
         			but its name "LibreHardwareMonitorLib"
         			didn't match the expected name "DiskInfoToolkit, Version=1.1.1.0, Culture=neutral, PublicKeyToken=null".
             Found related file "D:\TaskManager\TaskManagerPlus\packages\DiskInfoToolkit\lib\net472\DiskInfoToolkit.xml".
         Primary reference "HidSharp, Version=2.6.4.0, Culture=neutral, PublicKeyToken=null".
             Resolved file path is "D:\TaskManager\TaskManagerPlus\packages\HidSharp\lib\net35\HidSharp.dll".
             Reference found at search path location "{HintPathFromItem}".
                 For SearchPath "{CandidateAssemblyFiles}".
                 Considered "..\packages\LibreHardwareMonitorLib\runtimes\win-x64\lib\net472\LibreHardwareMonitorLib.dll",
         			but its name "LibreHardwareMonitorLib"
         			didn't match the expected name "HidSharp, Version=2.6.4.0, Culture=neutral, PublicKeyToken=null".
             Found related file "D:\TaskManager\TaskManagerPlus\packages\HidSharp\lib\net35\HidSharp.pdb".
             Found related file "D:\TaskManager\TaskManagerPlus\packages\HidSharp\lib\net35\HidSharp.xml".
             The ImageRuntimeVersion for this reference is "v2.0.50727".
         Primary reference "LibreHardwareMonitorLib, Version=0.9.5.0, Culture=neutral, PublicKeyToken=null".
             Resolved file path is "D:\TaskManager\TaskManagerPlus\packages\LibreHardwareMonitorLib\runtimes\win-x64\lib\net472\LibreHardwareMonitorLib.dll".
             Reference found at search path location "{CandidateAssemblyFiles}".
             Found related file "D:\TaskManager\TaskManagerPlus\packages\LibreHardwareMonitorLib\runtimes\win-x64\lib\net472\LibreHardwareMonitorLib.xml".
         Primary reference "RAMSPDToolkit-NDD, Version=1.4.2.0, Culture=neutral, PublicKeyToken=null".
             Resolved file path is "D:\TaskManager\TaskManagerPlus\packages\RAMSPDToolkit-NDD\lib\net472\RAMSPDToolkit-NDD.dll".
             Reference found at search path location "{HintPathFromItem}".
                 For SearchPath "{CandidateAssemblyFiles}".
                 Considered "..\packages\LibreHardwareMonitorLib\runtimes\win-x64\lib\net472\LibreHardwareMonitorLib.dll",
         			but its name "LibreHardwareMonitorLib"
         			didn't match the expected name "RAMSPDToolkit-NDD, Version=1.4.2.0, Culture=neutral, PublicKeyToken=null".
             Found related file "D:\TaskManager\TaskManagerPlus\packages\RAMSPDToolkit-NDD\lib\net472\RAMSPDToolkit-NDD.xml".
         Primary reference "System.Buffers, Version=4.0.5.0, Culture=neutral, PublicKeyToken=cc7b13ffcd2ddd51".
             Resolved file path is "D:\TaskManager\TaskManagerPlus\packages\System.Buffers\lib\net462\System.Buffers.dll".
             Reference found at search path location "{HintPathFromItem}".
                 For SearchPath "{CandidateAssemblyFiles}".
                 Considered "..\packages\LibreHardwareMonitorLib\runtimes\win-x64\lib\net472\LibreHardwareMonitorLib.dll",
         			but its name "LibreHardwareMonitorLib"
         			didn't match the expected name "System.Buffers, Version=4.0.5.0, Culture=neutral, PublicKeyToken=cc7b13ffcd2ddd51".
             Found related file "D:\TaskManager\TaskManagerPlus\packages\System.Buffers\lib\net462\System.Buffers.xml".
         Primary reference "System.CodeDom, Version=10.0.0.1, Culture=neutral, PublicKeyToken=cc7b13ffcd2ddd51".
             Resolved file path is "D:\TaskManager\TaskManagerPlus\packages\System.CodeDom\lib\net462\System.CodeDom.dll".
             Reference found at search path location "{HintPathFromItem}".
                 For SearchPath "{CandidateAssemblyFiles}".
                 Considered "..\packages\LibreHardwareMonitorLib\runtimes\win-x64\lib\net472\LibreHardwareMonitorLib.dll",
         			but its name "LibreHardwareMonitorLib"
         			didn't match the expected name "System.CodeDom, Version=10.0.0.1, Culture=neutral, PublicKeyToken=cc7b13ffcd2ddd51".
             Found related file "D:\TaskManager\TaskManagerPlus\packages\System.CodeDom\lib\net462\System.CodeDom.xml".
         Unified primary reference "System.Memory, Version=4.0.5.0, Culture=neutral, PublicKeyToken=cc7b13ffcd2ddd51".
             Using this version instead of original version "4.0.1.2" in "D:\TaskManager\TaskManagerPlus\packages\MySql.Data.8.0.33\lib\net462\MySql.Data.dll" because AutoUnify is 'true'.
             Resolved file path is "D:\TaskManager\TaskManagerPlus\packages\System.Memory\lib\net462\System.Memory.dll".
             Reference found at search path location "{HintPathFromItem}".
                 For SearchPath "{CandidateAssemblyFiles}".
                 Considered "..\packages\LibreHardwareMonitorLib\runtimes\win-x64\lib\net472\LibreHardwareMonitorLib.dll",
         			but its name "LibreHardwareMonitorLib"
         			didn't match the expected name "System.Memory, Version=4.0.5.0, Culture=neutral, PublicKeyToken=cc7b13ffcd2ddd51".
             Found related file "D:\TaskManager\TaskManagerPlus\packages\System.Memory\lib\net462\System.Memory.xml".
         Primary reference "System.Numerics.Vectors, Version=4.1.6.0, Culture=neutral, PublicKeyToken=b03f5f7f11d50a3a".
             Resolved file path is "D:\TaskManager\TaskManagerPlus\packages\System.Numerics.Vectors\lib\net462\System.Numerics.Vectors.dll".
             Reference found at search path location "{HintPathFromItem}".
                 For SearchPath "{CandidateAssemblyFiles}".
                 Considered "..\packages\LibreHardwareMonitorLib\runtimes\win-x64\lib\net472\LibreHardwareMonitorLib.dll",
         			but its name "LibreHardwareMonitorLib"
         			didn't match the expected name "System.Numerics.Vectors, Version=4.1.6.0, Culture=neutral, PublicKeyToken=b03f5f7f11d50a3a".
             Found related file "D:\TaskManager\TaskManagerPlus\packages\System.Numerics.Vectors\lib\net462\System.Numerics.Vectors.xml".
         Primary reference "System.Runtime.CompilerServices.Unsafe, Version=6.0.3.0, Culture=neutral, PublicKeyToken=b03f5f7f11d50a3a".
             Resolved file path is "D:\TaskManager\TaskManagerPlus\packages\System.Runtime.CompilerServices.Unsafe\lib\net462\System.Runtime.CompilerServices.Unsafe.dll".
             Reference found at search path location "{HintPathFromItem}".
                 For SearchPath "{CandidateAssemblyFiles}".
                 Considered "..\packages\LibreHardwareMonitorLib\runtimes\win-x64\lib\net472\LibreHardwareMonitorLib.dll",
         			but its name "LibreHardwareMonitorLib"
         			didn't match the expected name "System.Runtime.CompilerServices.Unsafe, Version=6.0.3.0, Culture=neutral, PublicKeyToken=b03f5f7f11d50a3a".
             Found related file "D:\TaskManager\TaskManagerPlus\packages\System.Runtime.CompilerServices.Unsafe\lib\net462\System.Runtime.CompilerServices.Unsafe.xml".
         Primary reference "System.Security.AccessControl, Version=6.0.0.0, Culture=neutral, PublicKeyToken=b03f5f7f11d50a3a".
             Resolved file path is "D:\TaskManager\TaskManagerPlus\packages\System.Security.AccessControl\lib\net461\System.Security.AccessControl.dll".
             Reference found at search path location "{HintPathFromItem}".
                 For SearchPath "{CandidateAssemblyFiles}".
                 Considered "..\packages\LibreHardwareMonitorLib\runtimes\win-x64\lib\net472\LibreHardwareMonitorLib.dll",
         			but its name "LibreHardwareMonitorLib"
         			didn't match the expected name "System.Security.AccessControl, Version=6.0.0.0, Culture=neutral, PublicKeyToken=b03f5f7f11d50a3a".
             Found related file "D:\TaskManager\TaskManagerPlus\packages\System.Security.AccessControl\lib\net461\System.Security.AccessControl.xml".
         Primary reference "System.Security.Principal.Windows, Version=5.0.0.0, Culture=neutral, PublicKeyToken=b03f5f7f11d50a3a".
             Resolved file path is "D:\TaskManager\TaskManagerPlus\packages\System.Security.Principal.Windows\lib\net461\System.Security.Principal.Windows.dll".
             Reference found at search path location "{HintPathFromItem}".
                 For SearchPath "{CandidateAssemblyFiles}".
                 Considered "..\packages\LibreHardwareMonitorLib\runtimes\win-x64\lib\net472\LibreHardwareMonitorLib.dll",
         			but its name "LibreHardwareMonitorLib"
         			didn't match the expected name "System.Security.Principal.Windows, Version=5.0.0.0, Culture=neutral, PublicKeyToken=b03f5f7f11d50a3a".
             Found related file "D:\TaskManager\TaskManagerPlus\packages\System.Security.Principal.Windows\lib\net461\System.Security.Principal.Windows.xml".
         Primary reference "System.Threading.AccessControl, Version=10.0.0.1, Culture=neutral, PublicKeyToken=b03f5f7f11d50a3a".
             Resolved file path is "D:\TaskManager\TaskManagerPlus\packages\System.Threading.AccessControl\lib\net462\System.Threading.AccessControl.dll".
             Reference found at search path location "{HintPathFromItem}".
                 For SearchPath "{CandidateAssemblyFiles}".
                 Considered "..\packages\LibreHardwareMonitorLib\runtimes\win-x64\lib\net472\LibreHardwareMonitorLib.dll",
         			but its name "LibreHardwareMonitorLib"
         			didn't match the expected name "System.Threading.AccessControl, Version=10.0.0.1, Culture=neutral, PublicKeyToken=b03f5f7f11d50a3a".
             Found related file "D:\TaskManager\TaskManagerPlus\packages\System.Threading.AccessControl\lib\net462\System.Threading.AccessControl.xml".
         Primary reference "System.Management, Version=4.0.0.0, Culture=neutral, PublicKeyToken=b03f5f7f11d50a3a".
             Resolved file path is "C:\Program Files (x86)\Reference Assemblies\Microsoft\Framework\.NETFramework\v4.7.2\System.Management.dll".
             Reference found at search path location "{TargetFrameworkDirectory}".
                 For SearchPath "{CandidateAssemblyFiles}".
                 Considered "..\packages\LibreHardwareMonitorLib\runtimes\win-x64\lib\net472\LibreHardwareMonitorLib.dll",
         			but its name "LibreHardwareMonitorLib"
         			didn't match the expected name "System.Management, Version=4.0.0.0, Culture=neutral, PublicKeyToken=b03f5f7f11d50a3a".
                 For SearchPath "{TargetFrameworkDirectory}".
                 Considered "C:\Program Files (x86)\Reference Assemblies\Microsoft\Framework\.NETFramework\v4.7.2\System.Management.winmd", but it didn't exist.
             This reference is not "CopyLocal" because it's a prerequisite file.
         Primary reference "System.Configuration, Version=4.0.0.0, Culture=neutral, PublicKeyToken=b03f5f7f11d50a3a".
             Resolved file path is "C:\Program Files (x86)\Reference Assemblies\Microsoft\Framework\.NETFramework\v4.7.2\System.Configuration.dll".
             Reference found at search path location "{TargetFrameworkDirectory}".
                 For SearchPath "{CandidateAssemblyFiles}".
                 Considered "..\packages\LibreHardwareMonitorLib\runtimes\win-x64\lib\net472\LibreHardwareMonitorLib.dll",
         			but its name "LibreHardwareMonitorLib"
         			didn't match the expected name "System.Configuration, Version=4.0.0.0, Culture=neutral, PublicKeyToken=b03f5f7f11d50a3a".
                 For SearchPath "{TargetFrameworkDirectory}".
                 Considered "C:\Program Files (x86)\Reference Assemblies\Microsoft\Framework\.NETFramework\v4.7.2\System.Configuration.winmd", but it didn't exist.
             This reference is not "CopyLocal" because it's a prerequisite file.
         Unified primary reference "System, Version=4.0.0.0, Culture=neutral, PublicKeyToken=b77a5c561934e089".
             Using this version instead of original version "2.0.0.0" in "D:\TaskManager\TaskManagerPlus\packages\HidSharp\lib\net35\HidSharp.dll" because there is a more recent version of this framework file.
             Resolved file path is "C:\Program Files (x86)\Reference Assemblies\Microsoft\Framework\.NETFramework\v4.7.2\System.dll".
             Reference found at search path location "{TargetFrameworkDirectory}".
                 For SearchPath "{CandidateAssemblyFiles}".
                 Considered "..\packages\LibreHardwareMonitorLib\runtimes\win-x64\lib\net472\LibreHardwareMonitorLib.dll",
         			but its name "LibreHardwareMonitorLib"
         			didn't match the expected name "System, Version=4.0.0.0, Culture=neutral, PublicKeyToken=b77a5c561934e089".
                 For SearchPath "{TargetFrameworkDirectory}".
                 Considered "C:\Program Files (x86)\Reference Assemblies\Microsoft\Framework\.NETFramework\v4.7.2\System.winmd", but it didn't exist.
             This reference is not "CopyLocal" because it's a prerequisite file.
         Primary reference "System.Xml.Linq, Version=4.0.0.0, Culture=neutral, PublicKeyToken=b77a5c561934e089".
             Resolved file path is "C:\Program Files (x86)\Reference Assemblies\Microsoft\Framework\.NETFramework\v4.7.2\System.Xml.Linq.dll".
             Reference found at search path location "{TargetFrameworkDirectory}".
                 For SearchPath "{CandidateAssemblyFiles}".
                 Considered "..\packages\LibreHardwareMonitorLib\runtimes\win-x64\lib\net472\LibreHardwareMonitorLib.dll",
         			but its name "LibreHardwareMonitorLib"
         			didn't match the expected name "System.Xml.Linq, Version=4.0.0.0, Culture=neutral, PublicKeyToken=b77a5c561934e089".
                 For SearchPath "{TargetFrameworkDirectory}".
                 Considered "C:\Program Files (x86)\Reference Assemblies\Microsoft\Framework\.NETFramework\v4.7.2\System.Xml.Linq.winmd", but it didn't exist.
             This reference is not "CopyLocal" because it's a prerequisite file.
         Primary reference "System.Data.DataSetExtensions, Version=4.0.0.0, Culture=neutral, PublicKeyToken=b77a5c561934e089".
             Resolved file path is "C:\Program Files (x86)\Reference Assemblies\Microsoft\Framework\.NETFramework\v4.7.2\System.Data.DataSetExtensions.dll".
             Reference found at search path location "{TargetFrameworkDirectory}".
                 For SearchPath "{CandidateAssemblyFiles}".
                 Considered "..\packages\LibreHardwareMonitorLib\runtimes\win-x64\lib\net472\LibreHardwareMonitorLib.dll",
         			but its name "LibreHardwareMonitorLib"
         			didn't match the expected name "System.Data.DataSetExtensions, Version=4.0.0.0, Culture=neutral, PublicKeyToken=b77a5c561934e089".
                 For SearchPath "{TargetFrameworkDirectory}".
                 Considered "C:\Program Files (x86)\Reference Assemblies\Microsoft\Framework\.NETFramework\v4.7.2\System.Data.DataSetExtensions.winmd", but it didn't exist.
             This reference is not "CopyLocal" because it's a prerequisite file.
         Primary reference "Microsoft.CSharp, Version=4.0.0.0, Culture=neutral, PublicKeyToken=b03f5f7f11d50a3a".
             Resolved file path is "C:\Program Files (x86)\Reference Assemblies\Microsoft\Framework\.NETFramework\v4.7.2\Microsoft.CSharp.dll".
             Reference found at search path location "{TargetFrameworkDirectory}".
                 For SearchPath "{CandidateAssemblyFiles}".
                 Considered "..\packages\LibreHardwareMonitorLib\runtimes\win-x64\lib\net472\LibreHardwareMonitorLib.dll",
         			but its name "LibreHardwareMonitorLib"
         			didn't match the expected name "Microsoft.CSharp, Version=4.0.0.0, Culture=neutral, PublicKeyToken=b03f5f7f11d50a3a".
                 For SearchPath "{TargetFrameworkDirectory}".
                 Considered "C:\Program Files (x86)\Reference Assemblies\Microsoft\Framework\.NETFramework\v4.7.2\Microsoft.CSharp.winmd", but it didn't exist.
             This reference is not "CopyLocal" because it's a prerequisite file.
         Primary reference "System.Data, Version=4.0.0.0, Culture=neutral, PublicKeyToken=b77a5c561934e089".
             Resolved file path is "C:\Program Files (x86)\Reference Assemblies\Microsoft\Framework\.NETFramework\v4.7.2\System.Data.dll".
             Reference found at search path location "{TargetFrameworkDirectory}".
                 For SearchPath "{CandidateAssemblyFiles}".
                 Considered "..\packages\LibreHardwareMonitorLib\runtimes\win-x64\lib\net472\LibreHardwareMonitorLib.dll",
         			but its name "LibreHardwareMonitorLib"
         			didn't match the expected name "System.Data, Version=4.0.0.0, Culture=neutral, PublicKeyToken=b77a5c561934e089".
                 For SearchPath "{TargetFrameworkDirectory}".
                 Considered "C:\Program Files (x86)\Reference Assemblies\Microsoft\Framework\.NETFramework\v4.7.2\System.Data.winmd", but it didn't exist.
             This reference is not "CopyLocal" because it's a prerequisite file.
         Primary reference "System.Deployment, Version=4.0.0.0, Culture=neutral, PublicKeyToken=b03f5f7f11d50a3a".
             Resolved file path is "C:\Program Files (x86)\Reference Assemblies\Microsoft\Framework\.NETFramework\v4.7.2\System.Deployment.dll".
             Reference found at search path location "{TargetFrameworkDirectory}".
                 For SearchPath "{CandidateAssemblyFiles}".
                 Considered "..\packages\LibreHardwareMonitorLib\runtimes\win-x64\lib\net472\LibreHardwareMonitorLib.dll",
         			but its name "LibreHardwareMonitorLib"
         			didn't match the expected name "System.Deployment, Version=4.0.0.0, Culture=neutral, PublicKeyToken=b03f5f7f11d50a3a".
                 For SearchPath "{TargetFrameworkDirectory}".
                 Considered "C:\Program Files (x86)\Reference Assemblies\Microsoft\Framework\.NETFramework\v4.7.2\System.Deployment.winmd", but it didn't exist.
             This reference is not "CopyLocal" because it's a prerequisite file.
         Primary reference "System.Drawing, Version=4.0.0.0, Culture=neutral, PublicKeyToken=b03f5f7f11d50a3a".
             Resolved file path is "C:\Program Files (x86)\Reference Assemblies\Microsoft\Framework\.NETFramework\v4.7.2\System.Drawing.dll".
             Reference found at search path location "{TargetFrameworkDirectory}".
                 For SearchPath "{CandidateAssemblyFiles}".
                 Considered "..\packages\LibreHardwareMonitorLib\runtimes\win-x64\lib\net472\LibreHardwareMonitorLib.dll",
         			but its name "LibreHardwareMonitorLib"
         			didn't match the expected name "System.Drawing, Version=4.0.0.0, Culture=neutral, PublicKeyToken=b03f5f7f11d50a3a".
                 For SearchPath "{TargetFrameworkDirectory}".
                 Considered "C:\Program Files (x86)\Reference Assemblies\Microsoft\Framework\.NETFramework\v4.7.2\System.Drawing.winmd", but it didn't exist.
             This reference is not "CopyLocal" because it's a prerequisite file.
         Primary reference "System.Net.Http, Version=4.2.0.0, Culture=neutral, PublicKeyToken=b03f5f7f11d50a3a".
             Resolved file path is "C:\Program Files (x86)\Reference Assemblies\Microsoft\Framework\.NETFramework\v4.7.2\System.Net.Http.dll".
             Reference found at search path location "{TargetFrameworkDirectory}".
                 For SearchPath "{CandidateAssemblyFiles}".
                 Considered "..\packages\LibreHardwareMonitorLib\runtimes\win-x64\lib\net472\LibreHardwareMonitorLib.dll",
         			but its name "LibreHardwareMonitorLib"
         			didn't match the expected name "System.Net.Http, Version=4.2.0.0, Culture=neutral, PublicKeyToken=b03f5f7f11d50a3a".
                 For SearchPath "{TargetFrameworkDirectory}".
                 Considered "C:\Program Files (x86)\Reference Assemblies\Microsoft\Framework\.NETFramework\v4.7.2\System.Net.Http.winmd", but it didn't exist.
             This reference is not "CopyLocal" because it's a prerequisite file.
         Primary reference "System.Windows.Forms, Version=4.0.0.0, Culture=neutral, PublicKeyToken=b77a5c561934e089".
             Resolved file path is "C:\Program Files (x86)\Reference Assemblies\Microsoft\Framework\.NETFramework\v4.7.2\System.Windows.Forms.dll".
             Reference found at search path location "{TargetFrameworkDirectory}".
                 For SearchPath "{CandidateAssemblyFiles}".
                 Considered "..\packages\LibreHardwareMonitorLib\runtimes\win-x64\lib\net472\LibreHardwareMonitorLib.dll",
         			but its name "LibreHardwareMonitorLib"
         			didn't match the expected name "System.Windows.Forms, Version=4.0.0.0, Culture=neutral, PublicKeyToken=b77a5c561934e089".
                 For SearchPath "{TargetFrameworkDirectory}".
                 Considered "C:\Program Files (x86)\Reference Assemblies\Microsoft\Framework\.NETFramework\v4.7.2\System.Windows.Forms.winmd", but it didn't exist.
             This reference is not "CopyLocal" because it's a prerequisite file.
         Primary reference "System.Xml, Version=4.0.0.0, Culture=neutral, PublicKeyToken=b77a5c561934e089".
             Resolved file path is "C:\Program Files (x86)\Reference Assemblies\Microsoft\Framework\.NETFramework\v4.7.2\System.Xml.dll".
             Reference found at search path location "{TargetFrameworkDirectory}".
                 For SearchPath "{CandidateAssemblyFiles}".
                 Considered "..\packages\LibreHardwareMonitorLib\runtimes\win-x64\lib\net472\LibreHardwareMonitorLib.dll",
         			but its name "LibreHardwareMonitorLib"
         			didn't match the expected name "System.Xml, Version=4.0.0.0, Culture=neutral, PublicKeyToken=b77a5c561934e089".
                 For SearchPath "{TargetFrameworkDirectory}".
                 Considered "C:\Program Files (x86)\Reference Assemblies\Microsoft\Framework\.NETFramework\v4.7.2\System.Xml.winmd", but it didn't exist.
             This reference is not "CopyLocal" because it's a prerequisite file.
         Unified primary reference "System.Core, Version=4.0.0.0, Culture=neutral, PublicKeyToken=b77a5c561934e089".
             Using this version instead of original version "3.5.0.0" in "D:\TaskManager\TaskManagerPlus\packages\HidSharp\lib\net35\HidSharp.dll" because there is a more recent version of this framework file.
             Resolved file path is "C:\Program Files (x86)\Reference Assemblies\Microsoft\Framework\.NETFramework\v4.7.2\System.Core.dll".
             Reference found at search path location "{TargetFrameworkDirectory}".
                 For SearchPath "{CandidateAssemblyFiles}".
                 Considered "..\packages\LibreHardwareMonitorLib\runtimes\win-x64\lib\net472\LibreHardwareMonitorLib.dll",
         			but its name "LibreHardwareMonitorLib"
         			didn't match the expected name "System.Core, Version=4.0.0.0, Culture=neutral, PublicKeyToken=b77a5c561934e089".
                 For SearchPath "{TargetFrameworkDirectory}".
                 Considered "C:\Program Files (x86)\Reference Assemblies\Microsoft\Framework\.NETFramework\v4.7.2\System.Core.winmd", but it didn't exist.
             This reference is not "CopyLocal" because it's a prerequisite file.
         Dependency "System.Numerics, Version=4.0.0.0, Culture=neutral, PublicKeyToken=b77a5c561934e089".
             Resolved file path is "C:\Program Files (x86)\Reference Assemblies\Microsoft\Framework\.NETFramework\v4.7.2\System.Numerics.dll".
             Reference found at search path location "{TargetFrameworkDirectory}".
                 For SearchPath "D:\TaskManager\TaskManagerPlus\packages\Newtonsoft.Json.13.0.4\lib\net45" (added by referencing assembly "D:\TaskManager\TaskManagerPlus\packages\Newtonsoft.Json.13.0.4\lib\net45\Newtonsoft.Json.dll").
                 Considered "D:\TaskManager\TaskManagerPlus\packages\Newtonsoft.Json.13.0.4\lib\net45\System.Numerics.winmd", but it didn't exist.
                 Considered "D:\TaskManager\TaskManagerPlus\packages\Newtonsoft.Json.13.0.4\lib\net45\System.Numerics.dll", but it didn't exist.
                 Considered "D:\TaskManager\TaskManagerPlus\packages\Newtonsoft.Json.13.0.4\lib\net45\System.Numerics.exe", but it didn't exist.
                 For SearchPath "{CandidateAssemblyFiles}".
                 Considered "..\packages\LibreHardwareMonitorLib\runtimes\win-x64\lib\net472\LibreHardwareMonitorLib.dll",
         			but its name "LibreHardwareMonitorLib"
         			didn't match the expected name "System.Numerics, Version=4.0.0.0, Culture=neutral, PublicKeyToken=b77a5c561934e089".
                 For SearchPath "{TargetFrameworkDirectory}".
                 Considered "C:\Program Files (x86)\Reference Assemblies\Microsoft\Framework\.NETFramework\v4.7.2\System.Numerics.winmd", but it didn't exist.
             Required by "Newtonsoft.Json, Version=13.0.0.0, Culture=neutral, PublicKeyToken=30ad4fe6b2a6aeed, processorArchitecture=MSIL".
             Required by "System.Numerics.Vectors".
             Required by "System.Memory".
             Required by "MySql.Data, Version=8.0.33.0, Culture=neutral, PublicKeyToken=c5687fc88969c44d, processorArchitecture=MSIL".
             Required by "DiskInfoToolkit".
             Required by "LibreHardwareMonitorLib".
             This reference is not "CopyLocal" because it's a prerequisite file.
         Dependency "System.Runtime.Serialization, Version=4.0.0.0, Culture=neutral, PublicKeyToken=b77a5c561934e089".
             Resolved file path is "C:\Program Files (x86)\Reference Assemblies\Microsoft\Framework\.NETFramework\v4.7.2\System.Runtime.Serialization.dll".
             Reference found at search path location "{TargetFrameworkDirectory}".
                 For SearchPath "D:\TaskManager\TaskManagerPlus\packages\Newtonsoft.Json.13.0.4\lib\net45" (added by referencing assembly "D:\TaskManager\TaskManagerPlus\packages\Newtonsoft.Json.13.0.4\lib\net45\Newtonsoft.Json.dll").
                 Considered "D:\TaskManager\TaskManagerPlus\packages\Newtonsoft.Json.13.0.4\lib\net45\System.Runtime.Serialization.winmd", but it didn't exist.
                 Considered "D:\TaskManager\TaskManagerPlus\packages\Newtonsoft.Json.13.0.4\lib\net45\System.Runtime.Serialization.dll", but it didn't exist.
                 Considered "D:\TaskManager\TaskManagerPlus\packages\Newtonsoft.Json.13.0.4\lib\net45\System.Runtime.Serialization.exe", but it didn't exist.
                 For SearchPath "{CandidateAssemblyFiles}".
                 Considered "..\packages\LibreHardwareMonitorLib\runtimes\win-x64\lib\net472\LibreHardwareMonitorLib.dll",
         			but its name "LibreHardwareMonitorLib"
         			didn't match the expected name "System.Runtime.Serialization, Version=4.0.0.0, Culture=neutral, PublicKeyToken=b77a5c561934e089".
                 For SearchPath "{TargetFrameworkDirectory}".
                 Considered "C:\Program Files (x86)\Reference Assemblies\Microsoft\Framework\.NETFramework\v4.7.2\System.Runtime.Serialization.winmd", but it didn't exist.
             Required by "Newtonsoft.Json, Version=13.0.0.0, Culture=neutral, PublicKeyToken=30ad4fe6b2a6aeed, processorArchitecture=MSIL".
             This reference is not "CopyLocal" because it's a prerequisite file.
         Dependency "Google.Protobuf, Version=3.21.9.0, Culture=neutral, PublicKeyToken=a7d26565bac4d604".
             Could not resolve this reference. Could not locate the assembly "Google.Protobuf, Version=3.21.9.0, Culture=neutral, PublicKeyToken=a7d26565bac4d604". Check to make sure the assembly exists on disk. If this reference is required by your code, you may get compilation errors.
                 For SearchPath "D:\TaskManager\TaskManagerPlus\packages\MySql.Data.8.0.33\lib\net462" (added by referencing assembly "D:\TaskManager\TaskManagerPlus\packages\MySql.Data.8.0.33\lib\net462\MySql.Data.dll").
                 Considered "D:\TaskManager\TaskManagerPlus\packages\MySql.Data.8.0.33\lib\net462\Google.Protobuf.winmd", but it didn't exist.
                 Considered "D:\TaskManager\TaskManagerPlus\packages\MySql.Data.8.0.33\lib\net462\Google.Protobuf.dll", but it didn't exist.
                 Considered "D:\TaskManager\TaskManagerPlus\packages\MySql.Data.8.0.33\lib\net462\Google.Protobuf.exe", but it didn't exist.
                 For SearchPath "{CandidateAssemblyFiles}".
                 Considered "..\packages\LibreHardwareMonitorLib\runtimes\win-x64\lib\net472\LibreHardwareMonitorLib.dll",
         			but its name "LibreHardwareMonitorLib"
         			didn't match the expected name "Google.Protobuf, Version=3.21.9.0, Culture=neutral, PublicKeyToken=a7d26565bac4d604".
                 For SearchPath "{TargetFrameworkDirectory}".
                 Considered "C:\Program Files (x86)\Reference Assemblies\Microsoft\Framework\.NETFramework\v4.7.2\Google.Protobuf.winmd", but it didn't exist.
                 Considered "C:\Program Files (x86)\Reference Assemblies\Microsoft\Framework\.NETFramework\v4.7.2\Google.Protobuf.dll", but it didn't exist.
                 Considered "C:\Program Files (x86)\Reference Assemblies\Microsoft\Framework\.NETFramework\v4.7.2\Google.Protobuf.exe", but it didn't exist.
                 Considered "C:\Program Files (x86)\Reference Assemblies\Microsoft\Framework\.NETFramework\v4.7.2\Facades\Google.Protobuf.winmd", but it didn't exist.
                 Considered "C:\Program Files (x86)\Reference Assemblies\Microsoft\Framework\.NETFramework\v4.7.2\Facades\Google.Protobuf.dll", but it didn't exist.
                 Considered "C:\Program Files (x86)\Reference Assemblies\Microsoft\Framework\.NETFramework\v4.7.2\Facades\Google.Protobuf.exe", but it didn't exist.
                 For SearchPath "{Registry:Software\Microsoft\.NETFramework,v4.7.2,AssemblyFoldersEx}".
                 Considered AssemblyFoldersEx locations.
                 For SearchPath "{GAC}".
                 Considered "{GAC}\Google.Protobuf.winmd", but it didn't exist.
                 Considered "{GAC}\Google.Protobuf.dll", but it didn't exist.
                 Considered "{GAC}\Google.Protobuf.exe", but it didn't exist.
                 For SearchPath "bin\Debug\".
                 Considered "bin\Debug\Google.Protobuf.winmd", but it didn't exist.
                 Considered "bin\Debug\Google.Protobuf.dll", but it didn't exist.
                 Considered "bin\Debug\Google.Protobuf.exe", but it didn't exist.
             Required by "MySql.Data, Version=8.0.33.0, Culture=neutral, PublicKeyToken=c5687fc88969c44d, processorArchitecture=MSIL".
         Dependency "K4os.Compression.LZ4.Streams, Version=1.3.5.0, Culture=neutral, PublicKeyToken=2186fa9121ef231d".
             Could not resolve this reference. Could not locate the assembly "K4os.Compression.LZ4.Streams, Version=1.3.5.0, Culture=neutral, PublicKeyToken=2186fa9121ef231d". Check to make sure the assembly exists on disk. If this reference is required by your code, you may get compilation errors.
                 For SearchPath "D:\TaskManager\TaskManagerPlus\packages\MySql.Data.8.0.33\lib\net462" (added by referencing assembly "D:\TaskManager\TaskManagerPlus\packages\MySql.Data.8.0.33\lib\net462\MySql.Data.dll").
                 Considered "D:\TaskManager\TaskManagerPlus\packages\MySql.Data.8.0.33\lib\net462\K4os.Compression.LZ4.Streams.winmd", but it didn't exist.
                 Considered "D:\TaskManager\TaskManagerPlus\packages\MySql.Data.8.0.33\lib\net462\K4os.Compression.LZ4.Streams.dll", but it didn't exist.
                 Considered "D:\TaskManager\TaskManagerPlus\packages\MySql.Data.8.0.33\lib\net462\K4os.Compression.LZ4.Streams.exe", but it didn't exist.
                 For SearchPath "{CandidateAssemblyFiles}".
                 Considered "..\packages\LibreHardwareMonitorLib\runtimes\win-x64\lib\net472\LibreHardwareMonitorLib.dll",
         			but its name "LibreHardwareMonitorLib"
         			didn't match the expected name "K4os.Compression.LZ4.Streams, Version=1.3.5.0, Culture=neutral, PublicKeyToken=2186fa9121ef231d".
                 For SearchPath "{TargetFrameworkDirectory}".
                 Considered "C:\Program Files (x86)\Reference Assemblies\Microsoft\Framework\.NETFramework\v4.7.2\K4os.Compression.LZ4.Streams.winmd", but it didn't exist.
                 Considered "C:\Program Files (x86)\Reference Assemblies\Microsoft\Framework\.NETFramework\v4.7.2\K4os.Compression.LZ4.Streams.dll", but it didn't exist.
                 Considered "C:\Program Files (x86)\Reference Assemblies\Microsoft\Framework\.NETFramework\v4.7.2\K4os.Compression.LZ4.Streams.exe", but it didn't exist.
                 Considered "C:\Program Files (x86)\Reference Assemblies\Microsoft\Framework\.NETFramework\v4.7.2\Facades\K4os.Compression.LZ4.Streams.winmd", but it didn't exist.
                 Considered "C:\Program Files (x86)\Reference Assemblies\Microsoft\Framework\.NETFramework\v4.7.2\Facades\K4os.Compression.LZ4.Streams.dll", but it didn't exist.
                 Considered "C:\Program Files (x86)\Reference Assemblies\Microsoft\Framework\.NETFramework\v4.7.2\Facades\K4os.Compression.LZ4.Streams.exe", but it didn't exist.
                 For SearchPath "{Registry:Software\Microsoft\.NETFramework,v4.7.2,AssemblyFoldersEx}".
                 Considered AssemblyFoldersEx locations.
                 For SearchPath "{GAC}".
                 Considered "{GAC}\K4os.Compression.LZ4.Streams.winmd", but it didn't exist.
                 Considered "{GAC}\K4os.Compression.LZ4.Streams.dll", but it didn't exist.
                 Considered "{GAC}\K4os.Compression.LZ4.Streams.exe", but it didn't exist.
                 For SearchPath "bin\Debug\".
                 Considered "bin\Debug\K4os.Compression.LZ4.Streams.winmd", but it didn't exist.
                 Considered "bin\Debug\K4os.Compression.LZ4.Streams.dll", but it didn't exist.
                 Considered "bin\Debug\K4os.Compression.LZ4.Streams.exe", but it didn't exist.
             Required by "MySql.Data, Version=8.0.33.0, Culture=neutral, PublicKeyToken=c5687fc88969c44d, processorArchitecture=MSIL".
         Dependency "BouncyCastle.Crypto, Version=1.9.0.0, Culture=neutral, PublicKeyToken=0e99375e54769942".
             Could not resolve this reference. Could not locate the assembly "BouncyCastle.Crypto, Version=1.9.0.0, Culture=neutral, PublicKeyToken=0e99375e54769942". Check to make sure the assembly exists on disk. If this reference is required by your code, you may get compilation errors.
                 For SearchPath "D:\TaskManager\TaskManagerPlus\packages\MySql.Data.8.0.33\lib\net462" (added by referencing assembly "D:\TaskManager\TaskManagerPlus\packages\MySql.Data.8.0.33\lib\net462\MySql.Data.dll").
                 Considered "D:\TaskManager\TaskManagerPlus\packages\MySql.Data.8.0.33\lib\net462\BouncyCastle.Crypto.winmd", but it didn't exist.
                 Considered "D:\TaskManager\TaskManagerPlus\packages\MySql.Data.8.0.33\lib\net462\BouncyCastle.Crypto.dll", but it didn't exist.
                 Considered "D:\TaskManager\TaskManagerPlus\packages\MySql.Data.8.0.33\lib\net462\BouncyCastle.Crypto.exe", but it didn't exist.
                 For SearchPath "{CandidateAssemblyFiles}".
                 Considered "..\packages\LibreHardwareMonitorLib\runtimes\win-x64\lib\net472\LibreHardwareMonitorLib.dll",
         			but its name "LibreHardwareMonitorLib"
         			didn't match the expected name "BouncyCastle.Crypto, Version=1.9.0.0, Culture=neutral, PublicKeyToken=0e99375e54769942".
                 For SearchPath "{TargetFrameworkDirectory}".
                 Considered "C:\Program Files (x86)\Reference Assemblies\Microsoft\Framework\.NETFramework\v4.7.2\BouncyCastle.Crypto.winmd", but it didn't exist.
                 Considered "C:\Program Files (x86)\Reference Assemblies\Microsoft\Framework\.NETFramework\v4.7.2\BouncyCastle.Crypto.dll", but it didn't exist.
                 Considered "C:\Program Files (x86)\Reference Assemblies\Microsoft\Framework\.NETFramework\v4.7.2\BouncyCastle.Crypto.exe", but it didn't exist.
                 Considered "C:\Program Files (x86)\Reference Assemblies\Microsoft\Framework\.NETFramework\v4.7.2\Facades\BouncyCastle.Crypto.winmd", but it didn't exist.
                 Considered "C:\Program Files (x86)\Reference Assemblies\Microsoft\Framework\.NETFramework\v4.7.2\Facades\BouncyCastle.Crypto.dll", but it didn't exist.
                 Considered "C:\Program Files (x86)\Reference Assemblies\Microsoft\Framework\.NETFramework\v4.7.2\Facades\BouncyCastle.Crypto.exe", but it didn't exist.
                 For SearchPath "{Registry:Software\Microsoft\.NETFramework,v4.7.2,AssemblyFoldersEx}".
                 Considered AssemblyFoldersEx locations.
                 For SearchPath "{GAC}".
                 Considered "{GAC}\BouncyCastle.Crypto.winmd", but it didn't exist.
                 Considered "{GAC}\BouncyCastle.Crypto.dll", but it didn't exist.
                 Considered "{GAC}\BouncyCastle.Crypto.exe", but it didn't exist.
                 For SearchPath "bin\Debug\".
                 Considered "bin\Debug\BouncyCastle.Crypto.winmd", but it didn't exist.
                 Considered "bin\Debug\BouncyCastle.Crypto.dll", but it didn't exist.
                 Considered "bin\Debug\BouncyCastle.Crypto.exe", but it didn't exist.
             Required by "MySql.Data, Version=8.0.33.0, Culture=neutral, PublicKeyToken=c5687fc88969c44d, processorArchitecture=MSIL".
         Dependency "System.Transactions, Version=4.0.0.0, Culture=neutral, PublicKeyToken=b77a5c561934e089".
             Resolved file path is "C:\Program Files (x86)\Reference Assemblies\Microsoft\Framework\.NETFramework\v4.7.2\System.Transactions.dll".
             Reference found at search path location "{TargetFrameworkDirectory}".
                 For SearchPath "D:\TaskManager\TaskManagerPlus\packages\MySql.Data.8.0.33\lib\net462" (added by referencing assembly "D:\TaskManager\TaskManagerPlus\packages\MySql.Data.8.0.33\lib\net462\MySql.Data.dll").
                 Considered "D:\TaskManager\TaskManagerPlus\packages\MySql.Data.8.0.33\lib\net462\System.Transactions.winmd", but it didn't exist.
                 Considered "D:\TaskManager\TaskManagerPlus\packages\MySql.Data.8.0.33\lib\net462\System.Transactions.dll", but it didn't exist.
                 Considered "D:\TaskManager\TaskManagerPlus\packages\MySql.Data.8.0.33\lib\net462\System.Transactions.exe", but it didn't exist.
                 For SearchPath "{CandidateAssemblyFiles}".
                 Considered "..\packages\LibreHardwareMonitorLib\runtimes\win-x64\lib\net472\LibreHardwareMonitorLib.dll",
         			but its name "LibreHardwareMonitorLib"
         			didn't match the expected name "System.Transactions, Version=4.0.0.0, Culture=neutral, PublicKeyToken=b77a5c561934e089".
                 For SearchPath "{TargetFrameworkDirectory}".
                 Considered "C:\Program Files (x86)\Reference Assemblies\Microsoft\Framework\.NETFramework\v4.7.2\System.Transactions.winmd", but it didn't exist.
             Required by "MySql.Data, Version=8.0.33.0, Culture=neutral, PublicKeyToken=c5687fc88969c44d, processorArchitecture=MSIL".
             This reference is not "CopyLocal" because it's a prerequisite file.
         Dependency "System.Threading.Tasks.Extensions, Version=4.2.0.1, Culture=neutral, PublicKeyToken=cc7b13ffcd2ddd51".
             Could not resolve this reference. Could not locate the assembly "System.Threading.Tasks.Extensions, Version=4.2.0.1, Culture=neutral, PublicKeyToken=cc7b13ffcd2ddd51". Check to make sure the assembly exists on disk. If this reference is required by your code, you may get compilation errors.
                 For SearchPath "D:\TaskManager\TaskManagerPlus\packages\MySql.Data.8.0.33\lib\net462" (added by referencing assembly "D:\TaskManager\TaskManagerPlus\packages\MySql.Data.8.0.33\lib\net462\MySql.Data.dll").
                 Considered "D:\TaskManager\TaskManagerPlus\packages\MySql.Data.8.0.33\lib\net462\System.Threading.Tasks.Extensions.winmd", but it didn't exist.
                 Considered "D:\TaskManager\TaskManagerPlus\packages\MySql.Data.8.0.33\lib\net462\System.Threading.Tasks.Extensions.dll", but it didn't exist.
                 Considered "D:\TaskManager\TaskManagerPlus\packages\MySql.Data.8.0.33\lib\net462\System.Threading.Tasks.Extensions.exe", but it didn't exist.
                 For SearchPath "{CandidateAssemblyFiles}".
                 Considered "..\packages\LibreHardwareMonitorLib\runtimes\win-x64\lib\net472\LibreHardwareMonitorLib.dll",
         			but its name "LibreHardwareMonitorLib"
         			didn't match the expected name "System.Threading.Tasks.Extensions, Version=4.2.0.1, Culture=neutral, PublicKeyToken=cc7b13ffcd2ddd51".
                 For SearchPath "{TargetFrameworkDirectory}".
                 Considered "C:\Program Files (x86)\Reference Assemblies\Microsoft\Framework\.NETFramework\v4.7.2\System.Threading.Tasks.Extensions.winmd", but it didn't exist.
                 Considered "C:\Program Files (x86)\Reference Assemblies\Microsoft\Framework\.NETFramework\v4.7.2\System.Threading.Tasks.Extensions.dll", but it didn't exist.
                 Considered "C:\Program Files (x86)\Reference Assemblies\Microsoft\Framework\.NETFramework\v4.7.2\System.Threading.Tasks.Extensions.exe", but it didn't exist.
                 Considered "C:\Program Files (x86)\Reference Assemblies\Microsoft\Framework\.NETFramework\v4.7.2\Facades\System.Threading.Tasks.Extensions.winmd", but it didn't exist.
                 Considered "C:\Program Files (x86)\Reference Assemblies\Microsoft\Framework\.NETFramework\v4.7.2\Facades\System.Threading.Tasks.Extensions.dll", but it didn't exist.
                 Considered "C:\Program Files (x86)\Reference Assemblies\Microsoft\Framework\.NETFramework\v4.7.2\Facades\System.Threading.Tasks.Extensions.exe", but it didn't exist.
                 For SearchPath "{Registry:Software\Microsoft\.NETFramework,v4.7.2,AssemblyFoldersEx}".
                 Considered AssemblyFoldersEx locations.
                 For SearchPath "{GAC}".
                 Considered "{GAC}\System.Threading.Tasks.Extensions.winmd", but it didn't exist.
                 Considered "{GAC}\System.Threading.Tasks.Extensions.dll", but it didn't exist.
                 Considered "{GAC}\System.Threading.Tasks.Extensions.exe", but it didn't exist.
                 For SearchPath "bin\Debug\".
                 Considered "bin\Debug\System.Threading.Tasks.Extensions.winmd", but it didn't exist.
                 Considered "bin\Debug\System.Threading.Tasks.Extensions.dll", but it didn't exist.
                 Considered "bin\Debug\System.Threading.Tasks.Extensions.exe", but it didn't exist.
             Required by "MySql.Data, Version=8.0.33.0, Culture=neutral, PublicKeyToken=c5687fc88969c44d, processorArchitecture=MSIL".
         Dependency "BlackSharp.Core, Version=1.0.4.0, Culture=neutral, PublicKeyToken=null".
             Could not resolve this reference. Could not locate the assembly "BlackSharp.Core, Version=1.0.4.0, Culture=neutral, PublicKeyToken=null". Check to make sure the assembly exists on disk. If this reference is required by your code, you may get compilation errors.
                 For SearchPath "D:\TaskManager\TaskManagerPlus\packages\RAMSPDToolkit-NDD\lib\net472" (added by referencing assembly "D:\TaskManager\TaskManagerPlus\packages\RAMSPDToolkit-NDD\lib\net472\RAMSPDToolkit-NDD.dll").
                 Considered "D:\TaskManager\TaskManagerPlus\packages\RAMSPDToolkit-NDD\lib\net472\BlackSharp.Core.winmd", but it didn't exist.
                 Considered "D:\TaskManager\TaskManagerPlus\packages\RAMSPDToolkit-NDD\lib\net472\BlackSharp.Core.dll", but it didn't exist.
                 Considered "D:\TaskManager\TaskManagerPlus\packages\RAMSPDToolkit-NDD\lib\net472\BlackSharp.Core.exe", but it didn't exist.
                 For SearchPath "{CandidateAssemblyFiles}".
                 Considered "..\packages\LibreHardwareMonitorLib\runtimes\win-x64\lib\net472\LibreHardwareMonitorLib.dll",
         			but its name "LibreHardwareMonitorLib"
         			didn't match the expected name "BlackSharp.Core, Version=1.0.4.0, Culture=neutral, PublicKeyToken=null".
                 For SearchPath "{TargetFrameworkDirectory}".
                 Considered "C:\Program Files (x86)\Reference Assemblies\Microsoft\Framework\.NETFramework\v4.7.2\BlackSharp.Core.winmd", but it didn't exist.
                 Considered "C:\Program Files (x86)\Reference Assemblies\Microsoft\Framework\.NETFramework\v4.7.2\BlackSharp.Core.dll", but it didn't exist.
                 Considered "C:\Program Files (x86)\Reference Assemblies\Microsoft\Framework\.NETFramework\v4.7.2\BlackSharp.Core.exe", but it didn't exist.
                 Considered "C:\Program Files (x86)\Reference Assemblies\Microsoft\Framework\.NETFramework\v4.7.2\Facades\BlackSharp.Core.winmd", but it didn't exist.
                 Considered "C:\Program Files (x86)\Reference Assemblies\Microsoft\Framework\.NETFramework\v4.7.2\Facades\BlackSharp.Core.dll", but it didn't exist.
                 Considered "C:\Program Files (x86)\Reference Assemblies\Microsoft\Framework\.NETFramework\v4.7.2\Facades\BlackSharp.Core.exe", but it didn't exist.
                 For SearchPath "{Registry:Software\Microsoft\.NETFramework,v4.7.2,AssemblyFoldersEx}".
                 Considered AssemblyFoldersEx locations.
                 For SearchPath "{GAC}".
                 Considered "{GAC}\BlackSharp.Core.winmd", but it didn't exist.
                 Considered "{GAC}\BlackSharp.Core.dll", but it didn't exist.
                 Considered "{GAC}\BlackSharp.Core.exe", but it didn't exist.
                 For SearchPath "bin\Debug\".
                 Considered "bin\Debug\BlackSharp.Core.winmd", but it didn't exist.
                 Considered "bin\Debug\BlackSharp.Core.dll",
         			but its name "BlackSharp.Core, Version=1.0.7.0, Culture=neutral, PublicKeyToken=null"
         			didn't match the expected name "BlackSharp.Core, Version=1.0.4.0, Culture=neutral, PublicKeyToken=null".
                 Considered "bin\Debug\BlackSharp.Core.exe", but it didn't exist.
             Required by "RAMSPDToolkit-NDD".
             Required by "LibreHardwareMonitorLib".
         There was a conflict between "BlackSharp.Core, Version=1.0.7.0, Culture=neutral, PublicKeyToken=null" and "BlackSharp.Core, Version=1.0.4.0, Culture=neutral, PublicKeyToken=null".
             "BlackSharp.Core, Version=1.0.7.0, Culture=neutral, PublicKeyToken=null" was chosen because it was primary and "BlackSharp.Core, Version=1.0.4.0, Culture=neutral, PublicKeyToken=null" was not.
             References which depend on "BlackSharp.Core, Version=1.0.7.0, Culture=neutral, PublicKeyToken=null" [D:\TaskManager\TaskManagerPlus\packages\BlackSharp.Core\lib\net472\BlackSharp.Core.dll].
                 D:\TaskManager\TaskManagerPlus\packages\BlackSharp.Core\lib\net472\BlackSharp.Core.dll
                   Project file item includes which caused reference "D:\TaskManager\TaskManagerPlus\packages\BlackSharp.Core\lib\net472\BlackSharp.Core.dll".
                     BlackSharp.Core
                     DiskInfoToolkit
                     LibreHardwareMonitorLib
                 D:\TaskManager\TaskManagerPlus\packages\DiskInfoToolkit\lib\net472\DiskInfoToolkit.dll
                   Project file item includes which caused reference "D:\TaskManager\TaskManagerPlus\packages\DiskInfoToolkit\lib\net472\DiskInfoToolkit.dll".
                     DiskInfoToolkit
                     LibreHardwareMonitorLib
                 D:\TaskManager\TaskManagerPlus\packages\LibreHardwareMonitorLib\runtimes\win-x64\lib\net472\LibreHardwareMonitorLib.dll
                   Project file item includes which caused reference "D:\TaskManager\TaskManagerPlus\packages\LibreHardwareMonitorLib\runtimes\win-x64\lib\net472\LibreHardwareMonitorLib.dll".
                     LibreHardwareMonitorLib
             References which depend on or have been unified to "BlackSharp.Core, Version=1.0.4.0, Culture=neutral, PublicKeyToken=null" [].
                 D:\TaskManager\TaskManagerPlus\packages\RAMSPDToolkit-NDD\lib\net472\RAMSPDToolkit-NDD.dll
                   Project file item includes which caused reference "D:\TaskManager\TaskManagerPlus\packages\RAMSPDToolkit-NDD\lib\net472\RAMSPDToolkit-NDD.dll".
                     RAMSPDToolkit-NDD
                     LibreHardwareMonitorLib
       Done executing task "ResolveAssemblyReference".
   2:6>Done building target "ResolveAssemblyReferences" in project "TaskManagerPlus.csproj".
       Target "ResolveAssemblyReferences" skipped. Previously built successfully.
   2:6>Target "_GenerateSuggestedBindingRedirectsCache" in file "C:\Program Files\dotnet\sdk\10.0.300-preview.0.26177.108\Microsoft.Common.CurrentVersion.targets" from project "D:\TaskManager\TaskManagerPlus\TaskManagerPlus\TaskManagerPlus.csproj" (target "GenerateBindingRedirects" depends on it):
       Using "Hash" task from assembly "Microsoft.Build.Tasks.Core, Version=15.1.0.0, Culture=neutral, PublicKeyToken=b03f5f7f11d50a3a".
       Task "Hash"
       Done executing task "Hash".
       Using "WriteLinesToFile" task from assembly "Microsoft.Build.Tasks.Core, Version=15.1.0.0, Culture=neutral, PublicKeyToken=b03f5f7f11d50a3a".
       Task "WriteLinesToFile"
         Skipping write to file "obj\Debug\TaskManagerPlus.csproj.SuggestedBindingRedirects.cache" because content would not change.
       Done executing task "WriteLinesToFile".
   2:6>Done building target "_GenerateSuggestedBindingRedirectsCache" in project "TaskManagerPlus.csproj".
       Target "ResolveAssemblyReferences" skipped. Previously built successfully.
   2:6>Target "_RemoveZipFileSuggestedRedirect" in file "C:\Program Files\dotnet\sdk\10.0.300-preview.0.26177.108\Microsoft\Microsoft.NET.Build.Extensions\Microsoft.NET.Build.Extensions.NETFramework.targets" from project "D:\TaskManager\TaskManagerPlus\TaskManagerPlus\TaskManagerPlus.csproj" (target "GenerateBindingRedirects" depends on it):
   2:6>Done building target "_RemoveZipFileSuggestedRedirect" in project "TaskManagerPlus.csproj".
   2:6>Target "GenerateBindingRedirects" in file "C:\Program Files\dotnet\sdk\10.0.300-preview.0.26177.108\Microsoft.Common.CurrentVersion.targets" from project "D:\TaskManager\TaskManagerPlus\TaskManagerPlus\TaskManagerPlus.csproj" (target "ResolveReferences" depends on it):
       Building target "GenerateBindingRedirects" completely.
       Input file "D:\TaskManager\TaskManagerPlus\TaskManagerPlus\TaskManagerPlus.csproj" is newer than output file "obj\Debug\TaskManagerPlus.exe.config".
       Using "GenerateBindingRedirects" task from assembly "Microsoft.Build.Tasks.Core, Version=15.1.0.0, Culture=neutral, PublicKeyToken=b03f5f7f11d50a3a".
       Task "GenerateBindingRedirects"
         Processing suggested binding redirect on "System.Memory, Culture=neutral, PublicKeyToken=cc7b13ffcd2ddd51" with MaxVersion "4.0.5.0".
       Done executing task "GenerateBindingRedirects".
   2:6>Done building target "GenerateBindingRedirects" in project "TaskManagerPlus.csproj".
   2:6>Target "GenerateBindingRedirectsUpdateAppConfig" in file "C:\Program Files\dotnet\sdk\10.0.300-preview.0.26177.108\Microsoft.Common.CurrentVersion.targets" from project "D:\TaskManager\TaskManagerPlus\TaskManagerPlus\TaskManagerPlus.csproj" (target "ResolveReferences" depends on it):
       C:\Program Files\dotnet\sdk\10.0.300-preview.0.26177.108\Microsoft.Common.CurrentVersion.targets(2600,7): message : Property reassignment: $(AppConfig)="obj\Debug\TaskManagerPlus.exe.config" (previous value: "App.config") at C:\Program Files\dotnet\sdk\10.0.300-preview.0.26177.108\Microsoft.Common.CurrentVersion.targets (2600,7) [D:\TaskManager\TaskManagerPlus\TaskManagerPlus\TaskManagerPlus.csproj]
   2:6>Done building target "GenerateBindingRedirectsUpdateAppConfig" in project "TaskManagerPlus.csproj".
   2:6>Target "AfterResolveReferences" in file "C:\Program Files\dotnet\sdk\10.0.300-preview.0.26177.108\Microsoft.Common.CurrentVersion.targets" from project "D:\TaskManager\TaskManagerPlus\TaskManagerPlus\TaskManagerPlus.csproj" (target "ResolveReferences" depends on it):
   2:6>Done building target "AfterResolveReferences" in project "TaskManagerPlus.csproj".
       Target "GetReferenceAssemblyPaths" skipped. Previously built successfully.
   2:6>Target "ImplicitlyExpandDesignTimeFacades" in file "C:\Program Files\dotnet\sdk\10.0.300-preview.0.26177.108\Microsoft.NETFramework.CurrentVersion.targets" from project "D:\TaskManager\TaskManagerPlus\TaskManagerPlus\TaskManagerPlus.csproj" (target "ResolveReferences" depends on it):
   2:6>Done building target "ImplicitlyExpandDesignTimeFacades" in project "TaskManagerPlus.csproj".
   2:6>Target "ResolveReferences" in file "C:\Program Files\dotnet\sdk\10.0.300-preview.0.26177.108\Microsoft.Common.CurrentVersion.targets" from project "D:\TaskManager\TaskManagerPlus\TaskManagerPlus\TaskManagerPlus.csproj" (target "CoreBuild" depends on it):
   2:6>Done building target "ResolveReferences" in project "TaskManagerPlus.csproj".
   2:6>Target "CopyAdditionalFiles" in file "C:\Program Files\dotnet\sdk\10.0.300-preview.0.26177.108\Roslyn\Microsoft.Managed.Core.targets" from project "D:\TaskManager\TaskManagerPlus\TaskManagerPlus\TaskManagerPlus.csproj" (target "AssignTargetPaths" depends on it):
   2:6>Done building target "CopyAdditionalFiles" in project "TaskManagerPlus.csproj".
   2:6>Target "AssignTargetPaths" in file "C:\Program Files\dotnet\sdk\10.0.300-preview.0.26177.108\Microsoft.Common.CurrentVersion.targets" from project "D:\TaskManager\TaskManagerPlus\TaskManagerPlus\TaskManagerPlus.csproj" (target "PrepareResourceNames" depends on it):
       Using "AssignTargetPath" task from assembly "Microsoft.Build.Tasks.Core, Version=15.1.0.0, Culture=neutral, PublicKeyToken=b03f5f7f11d50a3a".
       Task "AssignTargetPath"
       Done executing task "AssignTargetPath".
       Task "AssignTargetPath"
       Done executing task "AssignTargetPath".
       Task "AssignTargetPath"
       Done executing task "AssignTargetPath".
       Task "AssignTargetPath"
       Done executing task "AssignTargetPath".
       Task "AssignTargetPath"
       Done executing task "AssignTargetPath".
   2:6>Done building target "AssignTargetPaths" in project "TaskManagerPlus.csproj".
       Target "AssignTargetPaths" skipped. Previously built successfully.
   2:6>Target "SplitResourcesByCulture" in file "C:\Program Files\dotnet\sdk\10.0.300-preview.0.26177.108\Microsoft.Common.CurrentVersion.targets" from project "D:\TaskManager\TaskManagerPlus\TaskManagerPlus\TaskManagerPlus.csproj" (target "PrepareResourceNames" depends on it):
       Using "AssignCulture" task from assembly "Microsoft.Build.Tasks.Core, Version=15.1.0.0, Culture=neutral, PublicKeyToken=b03f5f7f11d50a3a".
       Task "AssignCulture"
         Culture of "" was assigned to file "Form1.resx".
         Culture of "" was assigned to file "Properties\Resources.resx".
         Culture of "" was assigned to file "Controls\ProcessesTab.resx".
         Culture of "" was assigned to file "Controls\PerformanceTab.resx".
       Done executing task "AssignCulture".
   2:6>Done building target "SplitResourcesByCulture" in project "TaskManagerPlus.csproj".
   2:6>Target "CreateManifestResourceNames" in file "C:\Program Files\dotnet\sdk\10.0.300-preview.0.26177.108\Microsoft.CSharp.CurrentVersion.targets" from project "D:\TaskManager\TaskManagerPlus\TaskManagerPlus\TaskManagerPlus.csproj" (target "PrepareResourceNames" depends on it):
       Using "CreateCSharpManifestResourceName" task from assembly "Microsoft.Build.Tasks.Core, Version=15.1.0.0, Culture=neutral, PublicKeyToken=b03f5f7f11d50a3a".
       Task "CreateCSharpManifestResourceName"
         Root namespace is 'TaskManagerPlus'.
         Resource file 'Form1.resx' depends on 'Form1.cs'.
         Resource file 'Form1.resx' gets manifest resource name 'TaskManagerPlus.Form1'.
         Resource file 'Properties\Resources.resx' doesn't depend on any other file.
         Resource file 'Properties\Resources.resx' gets manifest resource name 'TaskManagerPlus.Properties.Resources'.
         Resource file 'Controls\ProcessesTab.resx' depends on 'ProcessesTab.cs'.
         Resource file 'Controls\ProcessesTab.resx' gets manifest resource name 'TaskManagerPlus.Controls.ProcessesTab'.
         Resource file 'Controls\PerformanceTab.resx' depends on 'PerformanceTab.cs'.
         Resource file 'Controls\PerformanceTab.resx' gets manifest resource name 'TaskManagerPlus.Controls.PerformanceTab'.
       Done executing task "CreateCSharpManifestResourceName".
   2:6>Done building target "CreateManifestResourceNames" in project "TaskManagerPlus.csproj".
   2:6>Target "CreateCustomManifestResourceNames" in file "C:\Program Files\dotnet\sdk\10.0.300-preview.0.26177.108\Microsoft.Common.CurrentVersion.targets" from project "D:\TaskManager\TaskManagerPlus\TaskManagerPlus\TaskManagerPlus.csproj" (target "PrepareResourceNames" depends on it):
   2:6>Done building target "CreateCustomManifestResourceNames" in project "TaskManagerPlus.csproj".
   2:6>Target "PrepareResourceNames" in file "C:\Program Files\dotnet\sdk\10.0.300-preview.0.26177.108\Microsoft.Common.CurrentVersion.targets" from project "D:\TaskManager\TaskManagerPlus\TaskManagerPlus\TaskManagerPlus.csproj" (target "PrepareResources" depends on it):
   2:6>Done building target "PrepareResourceNames" in project "TaskManagerPlus.csproj".
       Target "ResolveAssemblyReferences" skipped. Previously built successfully.
       Target "SplitResourcesByCulture" skipped. Previously built successfully.
   2:6>Target "BeforeResGen" in file "C:\Program Files\dotnet\sdk\10.0.300-preview.0.26177.108\Microsoft.Common.CurrentVersion.targets" from project "D:\TaskManager\TaskManagerPlus\TaskManagerPlus\TaskManagerPlus.csproj" (target "ResGen" depends on it):
   2:6>Done building target "BeforeResGen" in project "TaskManagerPlus.csproj".
       Target "ResolveReferences" skipped. Previously built successfully.
   2:6>Target "FindReferenceAssembliesForReferences" in file "C:\Program Files\dotnet\sdk\10.0.300-preview.0.26177.108\Microsoft.Common.CurrentVersion.targets" from project "D:\TaskManager\TaskManagerPlus\TaskManagerPlus\TaskManagerPlus.csproj" (target "CoreResGen" depends on it):
   2:6>Done building target "FindReferenceAssembliesForReferences" in project "TaskManagerPlus.csproj".
   2:6>Target "CoreResGen" in file "C:\Program Files\dotnet\sdk\10.0.300-preview.0.26177.108\Microsoft.Common.CurrentVersion.targets" from project "D:\TaskManager\TaskManagerPlus\TaskManagerPlus\TaskManagerPlus.csproj" (target "ResGen" depends on it):
       Using "GenerateResource" task from assembly "Microsoft.Build.Tasks.Core, Version=15.1.0.0, Culture=neutral, PublicKeyToken=b03f5f7f11d50a3a".
       Task "GenerateResource"
         No resources are out of date with respect to their source files. Skipping resource generation.
       Done executing task "GenerateResource".
   2:6>Done building target "CoreResGen" in project "TaskManagerPlus.csproj".
   2:6>Target "AfterResGen" in file "C:\Program Files\dotnet\sdk\10.0.300-preview.0.26177.108\Microsoft.Common.CurrentVersion.targets" from project "D:\TaskManager\TaskManagerPlus\TaskManagerPlus\TaskManagerPlus.csproj" (target "ResGen" depends on it):
   2:6>Done building target "AfterResGen" in project "TaskManagerPlus.csproj".
   2:6>Target "ResGen" in file "C:\Program Files\dotnet\sdk\10.0.300-preview.0.26177.108\Microsoft.Common.CurrentVersion.targets" from project "D:\TaskManager\TaskManagerPlus\TaskManagerPlus\TaskManagerPlus.csproj" (target "PrepareResources" depends on it):
   2:6>Done building target "ResGen" in project "TaskManagerPlus.csproj".
   2:6>Target "PrepareResources" in file "C:\Program Files\dotnet\sdk\10.0.300-preview.0.26177.108\Microsoft.Common.CurrentVersion.targets" from project "D:\TaskManager\TaskManagerPlus\TaskManagerPlus\TaskManagerPlus.csproj" (target "CoreBuild" depends on it):
   2:6>Done building target "PrepareResources" in project "TaskManagerPlus.csproj".
       Target "ResolveReferences" skipped. Previously built successfully.
   2:6>Target "_SetEmbeddedWin32ManifestProperties" in file "C:\Program Files\dotnet\sdk\10.0.300-preview.0.26177.108\Microsoft.Common.CurrentVersion.targets" from project "D:\TaskManager\TaskManagerPlus\TaskManagerPlus\TaskManagerPlus.csproj" (target "SetWin32ManifestProperties" depends on it):
       C:\Program Files\dotnet\sdk\10.0.300-preview.0.26177.108\Microsoft.Common.CurrentVersion.targets(4212,7): message : Property reassignment: $(EmbeddedWin32Manifest)="app.manifest" (previous value: "") at C:\Program Files\dotnet\sdk\10.0.300-preview.0.26177.108\Microsoft.Common.CurrentVersion.targets (4212,7) [D:\TaskManager\TaskManagerPlus\TaskManagerPlus\TaskManagerPlus.csproj]
   2:6>Done building target "_SetEmbeddedWin32ManifestProperties" in project "TaskManagerPlus.csproj".
   2:6>Target "SetWin32ManifestProperties" in file "C:\Program Files\dotnet\sdk\10.0.300-preview.0.26177.108\Microsoft.Common.CurrentVersion.targets" from project "D:\TaskManager\TaskManagerPlus\TaskManagerPlus\TaskManagerPlus.csproj" (target "Compile" depends on it):
   2:6>Done building target "SetWin32ManifestProperties" in project "TaskManagerPlus.csproj".
       Target "FindReferenceAssembliesForReferences" skipped. Previously built successfully.
   2:6>Target "_GenerateCompileInputs" in file "C:\Program Files\dotnet\sdk\10.0.300-preview.0.26177.108\Microsoft.Common.CurrentVersion.targets" from project "D:\TaskManager\TaskManagerPlus\TaskManagerPlus\TaskManagerPlus.csproj" (target "Compile" depends on it):
   2:6>Done building target "_GenerateCompileInputs" in project "TaskManagerPlus.csproj".
       Target "PrepareForBuild" skipped. Previously built successfully.
   2:6>Target "GenerateMSBuildEditorConfigFileShouldRun" in file "C:\Program Files\dotnet\sdk\10.0.300-preview.0.26177.108\Roslyn\Microsoft.Managed.Core.targets" from project "D:\TaskManager\TaskManagerPlus\TaskManagerPlus\TaskManagerPlus.csproj" (target "GenerateMSBuildEditorConfigFile" depends on it):
   2:6>Done building target "GenerateMSBuildEditorConfigFileShouldRun" in project "TaskManagerPlus.csproj".
   2:6>Target "GenerateMSBuildEditorConfigFile" in file "C:\Program Files\dotnet\sdk\10.0.300-preview.0.26177.108\Roslyn\Microsoft.Managed.Core.targets" from project "D:\TaskManager\TaskManagerPlus\TaskManagerPlus\TaskManagerPlus.csproj" (target "BeforeCompile" depends on it):
   2:6>Done building target "GenerateMSBuildEditorConfigFile" in project "TaskManagerPlus.csproj".
       Target "PrepareForBuild" skipped. Previously built successfully.
       Target "GetReferenceAssemblyPaths" skipped. Previously built successfully.
   2:6>Target "_SetTargetFrameworkMonikerAttribute" in file "C:\Program Files\dotnet\sdk\10.0.300-preview.0.26177.108\Microsoft.CSharp.CurrentVersion.targets" from project "D:\TaskManager\TaskManagerPlus\TaskManagerPlus\TaskManagerPlus.csproj" (target "GenerateTargetFrameworkMonikerAttribute" depends on it):
   2:6>Done building target "_SetTargetFrameworkMonikerAttribute" in project "TaskManagerPlus.csproj".
   2:6>Target "GenerateTargetFrameworkMonikerAttribute" in file "C:\Program Files\dotnet\sdk\10.0.300-preview.0.26177.108\Microsoft.Common.CurrentVersion.targets" from project "D:\TaskManager\TaskManagerPlus\TaskManagerPlus\TaskManagerPlus.csproj" (target "BeforeCompile" depends on it):
       Skipping target "GenerateTargetFrameworkMonikerAttribute" because all output files are up-to-date with respect to the input files.
       Input files: C:\Program Files\dotnet\sdk\10.0.300-preview.0.26177.108\Microsoft.Common.targets
       Output files: obj\Debug\.NETFramework,Version=v4.7.2.AssemblyAttributes.cs
   2:6>Done building target "GenerateTargetFrameworkMonikerAttribute" in project "TaskManagerPlus.csproj".
   2:6>Target "BeforeCompile" in file "C:\Program Files\dotnet\sdk\10.0.300-preview.0.26177.108\Microsoft.Common.CurrentVersion.targets" from project "D:\TaskManager\TaskManagerPlus\TaskManagerPlus\TaskManagerPlus.csproj" (target "Compile" depends on it):
   2:6>Done building target "BeforeCompile" in project "TaskManagerPlus.csproj".
       Target "ResolveAssemblyReferences" skipped. Previously built successfully.
       Target "_GenerateCompileInputs" skipped. Previously built successfully.
   2:6>Target "_GenerateCompileDependencyCache" in file "C:\Program Files\dotnet\sdk\10.0.300-preview.0.26177.108\Microsoft.Common.CurrentVersion.targets" from project "D:\TaskManager\TaskManagerPlus\TaskManagerPlus\TaskManagerPlus.csproj" (target "Compile" depends on it):
       Task "Hash"
       Done executing task "Hash".
       Task "WriteLinesToFile"
         Skipping write to file "obj\Debug\TaskManagerPlus.csproj.CoreCompileInputs.cache" because content would not change.
       Done executing task "WriteLinesToFile".
   2:6>Done building target "_GenerateCompileDependencyCache" in project "TaskManagerPlus.csproj".
   2:6>Target "_BeforeVBCSCoreCompile" in file "C:\Program Files\dotnet\sdk\10.0.300-preview.0.26177.108\Roslyn\Microsoft.Managed.Core.targets" from project "D:\TaskManager\TaskManagerPlus\TaskManagerPlus\TaskManagerPlus.csproj" (target "CoreCompile" depends on it):
   2:6>Done building target "_BeforeVBCSCoreCompile" in project "TaskManagerPlus.csproj".
   2:6>Target "_ComputeSkipAnalyzers" in file "C:\Program Files\dotnet\sdk\10.0.300-preview.0.26177.108\Roslyn\Microsoft.Managed.Core.targets" from project "D:\TaskManager\TaskManagerPlus\TaskManagerPlus\TaskManagerPlus.csproj" (target "CoreCompile" depends on it):
   2:6>Done building target "_ComputeSkipAnalyzers" in project "TaskManagerPlus.csproj".
   2:6>Target "CoreCompile" in file "C:\Program Files\dotnet\sdk\10.0.300-preview.0.26177.108\Roslyn\Microsoft.CSharp.Core.targets" from project "D:\TaskManager\TaskManagerPlus\TaskManagerPlus\TaskManagerPlus.csproj" (target "Compile" depends on it):
       Building target "CoreCompile" completely.
       Input file "Controls\AppHistoryTab.cs" is newer than output file "obj\Debug\TaskManagerPlus.exe".
       Using "Csc" task from assembly "C:\Program Files\dotnet\sdk\10.0.300-preview.0.26177.108\Roslyn\Microsoft.Build.Tasks.CodeAnalysis.dll".
       Task "Csc"
         Setting DOTNET_ROOT to 'C:\Program Files\dotnet'
         Environment Variables passed to tool:
           DOTNET_ROOT=C:\Program Files\dotnet
         C:\Program Files\dotnet\sdk\10.0.300-preview.0.26177.108\Roslyn\bincore\csc.exe /noconfig /nowarn:1701,1702 /fullpaths /nostdlib+ /platform:x64 /errorreport:prompt /warn:4 /define:DEBUG;TRACE /highentropyva+ /reference:D:\TaskManager\TaskManagerPlus\packages\BlackSharp.Core\lib\net472\BlackSharp.Core.dll /reference:D:\TaskManager\TaskManagerPlus\packages\DiskInfoToolkit\lib\net472\DiskInfoToolkit.dll /reference:D:\TaskManager\TaskManagerPlus\packages\HidSharp\lib\net35\HidSharp.dll /reference:D:\TaskManager\TaskManagerPlus\packages\LibreHardwareMonitorLib\runtimes\win-x64\lib\net472\LibreHardwareMonitorLib.dll /reference:"C:\Program Files (x86)\Reference Assemblies\Microsoft\Framework\.NETFramework\v4.7.2\Microsoft.CSharp.dll" /reference:"C:\Program Files (x86)\Reference Assemblies\Microsoft\Framework\.NETFramework\v4.7.2\mscorlib.dll" /reference:D:\TaskManager\TaskManagerPlus\packages\MySql.Data.8.0.33\lib\net462\MySql.Data.dll /reference:D:\TaskManager\TaskManagerPlus\packages\Newtonsoft.Json.13.0.4\lib\net45\Newtonsoft.Json.dll /reference:D:\TaskManager\TaskManagerPlus\packages\RAMSPDToolkit-NDD\lib\net472\RAMSPDToolkit-NDD.dll /reference:D:\TaskManager\TaskManagerPlus\packages\System.Buffers\lib\net462\System.Buffers.dll /reference:D:\TaskManager\TaskManagerPlus\packages\System.CodeDom\lib\net462\System.CodeDom.dll /reference:"C:\Program Files (x86)\Reference Assemblies\Microsoft\Framework\.NETFramework\v4.7.2\System.Configuration.dll" /reference:"C:\Program Files (x86)\Reference Assemblies\Microsoft\Framework\.NETFramework\v4.7.2\System.Core.dll" /reference:"C:\Program Files (x86)\Reference Assemblies\Microsoft\Framework\.NETFramework\v4.7.2\System.Data.DataSetExtensions.dll" /reference:"C:\Program Files (x86)\Reference Assemblies\Microsoft\Framework\.NETFramework\v4.7.2\System.Data.dll" /reference:"C:\Program Files (x86)\Reference Assemblies\Microsoft\Framework\.NETFramework\v4.7.2\System.Deployment.dll" /reference:"C:\Program Files (x86)\Reference Assemblies\Microsoft\Framework\.NETFramework\v4.7.2\System.dll" /reference:"C:\Program Files (x86)\Reference Assemblies\Microsoft\Framework\.NETFramework\v4.7.2\System.Drawing.dll" /reference:"C:\Program Files (x86)\Reference Assemblies\Microsoft\Framework\.NETFramework\v4.7.2\System.Management.dll" /reference:D:\TaskManager\TaskManagerPlus\packages\System.Memory\lib\net462\System.Memory.dll /reference:"C:\Program Files (x86)\Reference Assemblies\Microsoft\Framework\.NETFramework\v4.7.2\System.Net.Http.dll" /reference:D:\TaskManager\TaskManagerPlus\packages\System.Numerics.Vectors\lib\net462\System.Numerics.Vectors.dll /reference:D:\TaskManager\TaskManagerPlus\packages\System.Runtime.CompilerServices.Unsafe\lib\net462\System.Runtime.CompilerServices.Unsafe.dll /reference:D:\TaskManager\TaskManagerPlus\packages\System.Security.AccessControl\lib\net461\System.Security.AccessControl.dll /reference:D:\TaskManager\TaskManagerPlus\packages\System.Security.Principal.Windows\lib\net461\System.Security.Principal.Windows.dll /reference:D:\TaskManager\TaskManagerPlus\packages\System.Threading.AccessControl\lib\net462\System.Threading.AccessControl.dll /reference:"C:\Program Files (x86)\Reference Assemblies\Microsoft\Framework\.NETFramework\v4.7.2\System.Windows.Forms.dll" /reference:"C:\Program Files (x86)\Reference Assemblies\Microsoft\Framework\.NETFramework\v4.7.2\System.Xml.dll" /reference:"C:\Program Files (x86)\Reference Assemblies\Microsoft\Framework\.NETFramework\v4.7.2\System.Xml.Linq.dll" /debug+ /debug:full /filealign:512 /optimize- /out:obj\Debug\TaskManagerPlus.exe /subsystemversion:6.00 /resource:obj\Debug\TaskManagerPlus.Form1.resources /resource:obj\Debug\TaskManagerPlus.Properties.Resources.resources /resource:obj\Debug\TaskManagerPlus.Controls.ProcessesTab.resources /resource:obj\Debug\TaskManagerPlus.Controls.PerformanceTab.resources /target:winexe /utf8output /win32manifest:app.manifest /deterministic+ /langversion:7.3 Controls\AppDetailForm.cs Controls\AppHistoryTab.cs Controls\AppHistoryTab.Designer.cs Controls\BatteryTab.cs Controls\BatteryTab.Designer.cs Controls\OverviewTab.cs Controls\OverviewTab.Designer.cs Form1.cs Form1.Designer.cs Models\DailySummaryData.cs Models\IconHelper.cs Models\GroupHeader.cs Models\ProcessInfo.cs Models\ProcessResourceUsage.cs Program.cs Properties\AssemblyInfo.cs Services\AppUsageDatabase.cs Services\AppUsageTracker.cs Services\LiveResourceMonitor.cs Services\LocalizationService.cs Services\ProcessMonitor.cs Services\SummaryService.cs Services\ThemeService.cs Services\UILocalizer.cs Properties\Resources.Designer.cs Properties\Settings.Designer.cs Controls\ProcessesTab.cs Controls\ProcessesTab.Designer.cs Controls\PerformanceTab.cs Controls\PerformanceTab.Designer.cs Models\HardwareInfo.cs Services\HardwareMonitor.cs Controls\PerformanceSidebar.cs Controls\StartupTab.cs Controls\StartupTab.Designer.cs Controls\TemperatureTab.cs Controls\TemperatureTab.Designer.cs "obj\Debug\.NETFramework,Version=v4.7.2.AssemblyAttributes.cs"
         Compilation request TaskManagerPlus, PathToTool=C:\Program Files\dotnet\sdk\10.0.300-preview.0.26177.108\Roslyn\bincore\csc.exe
         CommandLine = ' /noconfig'
         BuildResponseFile = '/nowarn:1701,1702 /fullpaths /nostdlib+ /platform:x64 /errorreport:prompt /warn:4 /define:DEBUG;TRACE /highentropyva+ /reference:D:\TaskManager\TaskManagerPlus\packages\BlackSharp.Core\lib\net472\BlackSharp.Core.dll /reference:D:\TaskManager\TaskManagerPlus\packages\DiskInfoToolkit\lib\net472\DiskInfoToolkit.dll /reference:D:\TaskManager\TaskManagerPlus\packages\HidSharp\lib\net35\HidSharp.dll /reference:D:\TaskManager\TaskManagerPlus\packages\LibreHardwareMonitorLib\runtimes\win-x64\lib\net472\LibreHardwareMonitorLib.dll /reference:"C:\Program Files (x86)\Reference Assemblies\Microsoft\Framework\.NETFramework\v4.7.2\Microsoft.CSharp.dll" /reference:"C:\Program Files (x86)\Reference Assemblies\Microsoft\Framework\.NETFramework\v4.7.2\mscorlib.dll" /reference:D:\TaskManager\TaskManagerPlus\packages\MySql.Data.8.0.33\lib\net462\MySql.Data.dll /reference:D:\TaskManager\TaskManagerPlus\packages\Newtonsoft.Json.13.0.4\lib\net45\Newtonsoft.Json.dll /reference:D:\TaskManager\TaskManagerPlus\packages\RAMSPDToolkit-NDD\lib\net472\RAMSPDToolkit-NDD.dll /reference:D:\TaskManager\TaskManagerPlus\packages\System.Buffers\lib\net462\System.Buffers.dll /reference:D:\TaskManager\TaskManagerPlus\packages\System.CodeDom\lib\net462\System.CodeDom.dll /reference:"C:\Program Files (x86)\Reference Assemblies\Microsoft\Framework\.NETFramework\v4.7.2\System.Configuration.dll" /reference:"C:\Program Files (x86)\Reference Assemblies\Microsoft\Framework\.NETFramework\v4.7.2\System.Core.dll" /reference:"C:\Program Files (x86)\Reference Assemblies\Microsoft\Framework\.NETFramework\v4.7.2\System.Data.DataSetExtensions.dll" /reference:"C:\Program Files (x86)\Reference Assemblies\Microsoft\Framework\.NETFramework\v4.7.2\System.Data.dll" /reference:"C:\Program Files (x86)\Reference Assemblies\Microsoft\Framework\.NETFramework\v4.7.2\System.Deployment.dll" /reference:"C:\Program Files (x86)\Reference Assemblies\Microsoft\Framework\.NETFramework\v4.7.2\System.dll" /reference:"C:\Program Files (x86)\Reference Assemblies\Microsoft\Framework\.NETFramework\v4.7.2\System.Drawing.dll" /reference:"C:\Program Files (x86)\Reference Assemblies\Microsoft\Framework\.NETFramework\v4.7.2\System.Management.dll" /reference:D:\TaskManager\TaskManagerPlus\packages\System.Memory\lib\net462\System.Memory.dll /reference:"C:\Program Files (x86)\Reference Assemblies\Microsoft\Framework\.NETFramework\v4.7.2\System.Net.Http.dll" /reference:D:\TaskManager\TaskManagerPlus\packages\System.Numerics.Vectors\lib\net462\System.Numerics.Vectors.dll /reference:D:\TaskManager\TaskManagerPlus\packages\System.Runtime.CompilerServices.Unsafe\lib\net462\System.Runtime.CompilerServices.Unsafe.dll /reference:D:\TaskManager\TaskManagerPlus\packages\System.Security.AccessControl\lib\net461\System.Security.AccessControl.dll /reference:D:\TaskManager\TaskManagerPlus\packages\System.Security.Principal.Windows\lib\net461\System.Security.Principal.Windows.dll /reference:D:\TaskManager\TaskManagerPlus\packages\System.Threading.AccessControl\lib\net462\System.Threading.AccessControl.dll /reference:"C:\Program Files (x86)\Reference Assemblies\Microsoft\Framework\.NETFramework\v4.7.2\System.Windows.Forms.dll" /reference:"C:\Program Files (x86)\Reference Assemblies\Microsoft\Framework\.NETFramework\v4.7.2\System.Xml.dll" /reference:"C:\Program Files (x86)\Reference Assemblies\Microsoft\Framework\.NETFramework\v4.7.2\System.Xml.Linq.dll" /debug+ /debug:full /filealign:512 /optimize- /out:obj\Debug\TaskManagerPlus.exe /subsystemversion:6.00 /resource:obj\Debug\TaskManagerPlus.Form1.resources /resource:obj\Debug\TaskManagerPlus.Properties.Resources.resources /resource:obj\Debug\TaskManagerPlus.Controls.ProcessesTab.resources /resource:obj\Debug\TaskManagerPlus.Controls.PerformanceTab.resources /target:winexe /utf8output /win32manifest:app.manifest /deterministic+ /langversion:7.3 Controls\AppDetailForm.cs Controls\AppHistoryTab.cs Controls\AppHistoryTab.Designer.cs Controls\BatteryTab.cs Controls\BatteryTab.Designer.cs Controls\OverviewTab.cs Controls\OverviewTab.Designer.cs Form1.cs Form1.Designer.cs Models\DailySummaryData.cs Models\IconHelper.cs Models\GroupHeader.cs Models\ProcessInfo.cs Models\ProcessResourceUsage.cs Program.cs Properties\AssemblyInfo.cs Services\AppUsageDatabase.cs Services\AppUsageTracker.cs Services\LiveResourceMonitor.cs Services\LocalizationService.cs Services\ProcessMonitor.cs Services\SummaryService.cs Services\ThemeService.cs Services\UILocalizer.cs Properties\Resources.Designer.cs Properties\Settings.Designer.cs Controls\ProcessesTab.cs Controls\ProcessesTab.Designer.cs Controls\PerformanceTab.cs Controls\PerformanceTab.Designer.cs Models\HardwareInfo.cs Services\HardwareMonitor.cs Controls\PerformanceSidebar.cs Controls\StartupTab.cs Controls\StartupTab.Designer.cs Controls\TemperatureTab.cs Controls\TemperatureTab.Designer.cs "obj\Debug\.NETFramework,Version=v4.7.2.AssemblyAttributes.cs"'
         Assembly loaded during TaskRun (Microsoft.CodeAnalysis.BuildTasks.Csc): System.IO.Pipes, Version=10.0.0.0, Culture=neutral, PublicKeyToken=b03f5f7f11d50a3a (location: C:\Program Files\dotnet\shared\Microsoft.NETCore.App\10.0.5\System.IO.Pipes.dll, MVID: 8a6a0eaa-8748-4f7d-bc73-d55a505924e1, AssemblyLoadContext: Default)
         Attempt to open named pipe '_xSPJwYSqRakMuNtBALzKMnFLu4hgaH7FxaAdCHRx7M'
         Attempt to connect named pipe '_xSPJwYSqRakMuNtBALzKMnFLu4hgaH7FxaAdCHRx7M'
         Assembly loaded during TaskRun (Microsoft.CodeAnalysis.BuildTasks.Csc): System.Security.AccessControl, Version=10.0.0.0, Culture=neutral, PublicKeyToken=b03f5f7f11d50a3a (location: C:\Program Files\dotnet\shared\Microsoft.NETCore.App\10.0.5\System.Security.AccessControl.dll, MVID: aa9bae05-09c9-4736-a03f-a8cf9fc233ad, AssemblyLoadContext: Default)
         Named pipe '_xSPJwYSqRakMuNtBALzKMnFLu4hgaH7FxaAdCHRx7M' connected
         Begin writing request for TaskManagerPlus
         End writing request for TaskManagerPlus
         Begin reading response for TaskManagerPlus
         End reading response for TaskManagerPlus
         Microsoft (R) Visual C# Compiler version 5.6.0-2.26177.108 (cf1948f9c20bc33556719613def8cbbf05e9865f)
         Copyright (C) Microsoft Corporation. All rights reserved.
   2:6>D:\TaskManager\TaskManagerPlus\TaskManagerPlus\Controls\TemperatureTab.cs(197,89): error CS0165: Use of unassigned local variable 'val' [D:\TaskManager\TaskManagerPlus\TaskManagerPlus\TaskManagerPlus.csproj]
   2:6>D:\TaskManager\TaskManagerPlus\TaskManagerPlus\Controls\BatteryTab.cs(31,13): error CS0103: The name 'stackPanel' does not exist in the current context [D:\TaskManager\TaskManagerPlus\TaskManagerPlus\TaskManagerPlus.csproj]
   2:6>D:\TaskManager\TaskManagerPlus\TaskManagerPlus\Controls\BatteryTab.cs(32,13): error CS0103: The name 'rootScrollPanel' does not exist in the current context [D:\TaskManager\TaskManagerPlus\TaskManagerPlus\TaskManagerPlus.csproj]
   2:6>D:\TaskManager\TaskManagerPlus\TaskManagerPlus\Controls\BatteryTab.cs(37,13): error CS0103: The name 'rootScrollPanel' does not exist in the current context [D:\TaskManager\TaskManagerPlus\TaskManagerPlus\TaskManagerPlus.csproj]
   2:6>D:\TaskManager\TaskManagerPlus\TaskManagerPlus\Controls\AppHistoryTab.cs(35,13): error CS0103: The name 'stackPanel' does not exist in the current context [D:\TaskManager\TaskManagerPlus\TaskManagerPlus\TaskManagerPlus.csproj]
   2:6>D:\TaskManager\TaskManagerPlus\TaskManagerPlus\Controls\AppHistoryTab.cs(36,13): error CS0103: The name 'rootScrollPanel' does not exist in the current context [D:\TaskManager\TaskManagerPlus\TaskManagerPlus\TaskManagerPlus.csproj]
   2:6>D:\TaskManager\TaskManagerPlus\TaskManagerPlus\Controls\AppHistoryTab.cs(38,13): error CS0103: The name 'rootScrollPanel' does not exist in the current context [D:\TaskManager\TaskManagerPlus\TaskManagerPlus\TaskManagerPlus.csproj]
   2:6>D:\TaskManager\TaskManagerPlus\TaskManagerPlus\Controls\AppHistoryTab.cs(57,13): error CS0103: The name 'heroCard' does not exist in the current context [D:\TaskManager\TaskManagerPlus\TaskManagerPlus\TaskManagerPlus.csproj]
   2:6>D:\TaskManager\TaskManagerPlus\TaskManagerPlus\Controls\AppHistoryTab.cs(58,13): error CS0103: The name 'heroCard' does not exist in the current context [D:\TaskManager\TaskManagerPlus\TaskManagerPlus\TaskManagerPlus.csproj]
   2:6>D:\TaskManager\TaskManagerPlus\TaskManagerPlus\Controls\AppHistoryTab.cs(59,40): error CS0103: The name 'heroCard' does not exist in the current context [D:\TaskManager\TaskManagerPlus\TaskManagerPlus\TaskManagerPlus.csproj]
   2:6>D:\TaskManager\TaskManagerPlus\TaskManagerPlus\Controls\AppHistoryTab.cs(60,39): error CS0103: The name 'heroCard' does not exist in the current context [D:\TaskManager\TaskManagerPlus\TaskManagerPlus\TaskManagerPlus.csproj]
   2:6>D:\TaskManager\TaskManagerPlus\TaskManagerPlus\Controls\AppHistoryTab.cs(64,13): error CS0103: The name 'heroCard' does not exist in the current context [D:\TaskManager\TaskManagerPlus\TaskManagerPlus\TaskManagerPlus.csproj]
   2:6>D:\TaskManager\TaskManagerPlus\TaskManagerPlus\Controls\AppHistoryTab.cs(65,13): error CS0103: The name 'heroCard' does not exist in the current context [D:\TaskManager\TaskManagerPlus\TaskManagerPlus\TaskManagerPlus.csproj]
   2:6>D:\TaskManager\TaskManagerPlus\TaskManagerPlus\Controls\BatteryTab.cs(58,13): error CS0103: The name 'heroCard' does not exist in the current context [D:\TaskManager\TaskManagerPlus\TaskManagerPlus\TaskManagerPlus.csproj]
   2:6>D:\TaskManager\TaskManagerPlus\TaskManagerPlus\Controls\BatteryTab.cs(59,13): error CS0103: The name 'heroCard' does not exist in the current context [D:\TaskManager\TaskManagerPlus\TaskManagerPlus\TaskManagerPlus.csproj]
   2:6>D:\TaskManager\TaskManagerPlus\TaskManagerPlus\Controls\BatteryTab.cs(60,40): error CS0103: The name 'heroCard' does not exist in the current context [D:\TaskManager\TaskManagerPlus\TaskManagerPlus\TaskManagerPlus.csproj]
   2:6>D:\TaskManager\TaskManagerPlus\TaskManagerPlus\Controls\BatteryTab.cs(61,39): error CS0103: The name 'heroCard' does not exist in the current context [D:\TaskManager\TaskManagerPlus\TaskManagerPlus\TaskManagerPlus.csproj]
   2:6>D:\TaskManager\TaskManagerPlus\TaskManagerPlus\Controls\BatteryTab.cs(72,13): error CS0103: The name 'heroCard' does not exist in the current context [D:\TaskManager\TaskManagerPlus\TaskManagerPlus\TaskManagerPlus.csproj]
   2:6>D:\TaskManager\TaskManagerPlus\TaskManagerPlus\Controls\BatteryTab.cs(72,48): error CS0103: The name 'heroCard' does not exist in the current context [D:\TaskManager\TaskManagerPlus\TaskManagerPlus\TaskManagerPlus.csproj]
   2:6>D:\TaskManager\TaskManagerPlus\TaskManagerPlus\Controls\BatteryTab.cs(77,13): error CS0103: The name 'statsGrid' does not exist in the current context [D:\TaskManager\TaskManagerPlus\TaskManagerPlus\TaskManagerPlus.csproj]
   2:6>D:\TaskManager\TaskManagerPlus\TaskManagerPlus\Controls\BatteryTab.cs(78,13): error CS0103: The name 'statsGrid' does not exist in the current context [D:\TaskManager\TaskManagerPlus\TaskManagerPlus\TaskManagerPlus.csproj]
   2:6>D:\TaskManager\TaskManagerPlus\TaskManagerPlus\Controls\BatteryTab.cs(79,13): error CS0103: The name 'statsGrid' does not exist in the current context [D:\TaskManager\TaskManagerPlus\TaskManagerPlus\TaskManagerPlus.csproj]
   2:6>D:\TaskManager\TaskManagerPlus\TaskManagerPlus\Controls\BatteryTab.cs(80,13): error CS0103: The name 'statsGrid' does not exist in the current context [D:\TaskManager\TaskManagerPlus\TaskManagerPlus\TaskManagerPlus.csproj]
   2:6>D:\TaskManager\TaskManagerPlus\TaskManagerPlus\Controls\BatteryTab.cs(81,13): error CS0103: The name 'statsGrid' does not exist in the current context [D:\TaskManager\TaskManagerPlus\TaskManagerPlus\TaskManagerPlus.csproj]
   2:6>D:\TaskManager\TaskManagerPlus\TaskManagerPlus\Controls\AppHistoryTab.cs(70,13): error CS0103: The name 'toolbarCard' does not exist in the current context [D:\TaskManager\TaskManagerPlus\TaskManagerPlus\TaskManagerPlus.csproj]
   2:6>D:\TaskManager\TaskManagerPlus\TaskManagerPlus\Controls\AppHistoryTab.cs(71,13): error CS0103: The name 'toolbarCard' does not exist in the current context [D:\TaskManager\TaskManagerPlus\TaskManagerPlus\TaskManagerPlus.csproj]
   2:6>D:\TaskManager\TaskManagerPlus\TaskManagerPlus\Controls\AppHistoryTab.cs(72,40): error CS0103: The name 'toolbarCard' does not exist in the current context [D:\TaskManager\TaskManagerPlus\TaskManagerPlus\TaskManagerPlus.csproj]
   2:6>D:\TaskManager\TaskManagerPlus\TaskManagerPlus\Controls\AppHistoryTab.cs(73,39): error CS0103: The name 'toolbarCard' does not exist in the current context [D:\TaskManager\TaskManagerPlus\TaskManagerPlus\TaskManagerPlus.csproj]
   2:6>D:\TaskManager\TaskManagerPlus\TaskManagerPlus\Controls\AppHistoryTab.cs(89,13): error CS0103: The name 'toolbarCard' does not exist in the current context [D:\TaskManager\TaskManagerPlus\TaskManagerPlus\TaskManagerPlus.csproj]
   2:6>D:\TaskManager\TaskManagerPlus\TaskManagerPlus\Controls\ProcessesTab.cs(33,13): error CS0103: The name 'panelControls' does not exist in the current context [D:\TaskManager\TaskManagerPlus\TaskManagerPlus\TaskManagerPlus.csproj]
   2:6>D:\TaskManager\TaskManagerPlus\TaskManagerPlus\Controls\ProcessesTab.cs(34,13): error CS0103: The name 'panelGrid' does not exist in the current context [D:\TaskManager\TaskManagerPlus\TaskManagerPlus\TaskManagerPlus.csproj]
   2:6>D:\TaskManager\TaskManagerPlus\TaskManagerPlus\Controls\ProcessesTab.cs(35,40): error CS0103: The name 'panelGrid' does not exist in the current context [D:\TaskManager\TaskManagerPlus\TaskManagerPlus\TaskManagerPlus.csproj]
   2:6>D:\TaskManager\TaskManagerPlus\TaskManagerPlus\Controls\ProcessesTab.cs(36,39): error CS0103: The name 'panelGrid' does not exist in the current context [D:\TaskManager\TaskManagerPlus\TaskManagerPlus\TaskManagerPlus.csproj]
   2:6>D:\TaskManager\TaskManagerPlus\TaskManagerPlus\Controls\ProcessesTab.cs(45,13): error CS0103: The name 'btnEndTask' does not exist in the current context [D:\TaskManager\TaskManagerPlus\TaskManagerPlus\TaskManagerPlus.csproj]
   2:6>D:\TaskManager\TaskManagerPlus\TaskManagerPlus\Controls\ProcessesTab.cs(46,25): error CS0103: The name 'btnEndTask' does not exist in the current context [D:\TaskManager\TaskManagerPlus\TaskManagerPlus\TaskManagerPlus.csproj]
   2:6>D:\TaskManager\TaskManagerPlus\TaskManagerPlus\Controls\AppHistoryTab.cs(96,13): error CS0103: The name 'statsGrid' does not exist in the current context [D:\TaskManager\TaskManagerPlus\TaskManagerPlus\TaskManagerPlus.csproj]
   2:6>D:\TaskManager\TaskManagerPlus\TaskManagerPlus\Controls\AppHistoryTab.cs(97,13): error CS0103: The name 'statsGrid' does not exist in the current context [D:\TaskManager\TaskManagerPlus\TaskManagerPlus\TaskManagerPlus.csproj]
   2:6>D:\TaskManager\TaskManagerPlus\TaskManagerPlus\Controls\AppHistoryTab.cs(98,13): error CS0103: The name 'statsGrid' does not exist in the current context [D:\TaskManager\TaskManagerPlus\TaskManagerPlus\TaskManagerPlus.csproj]
   2:6>D:\TaskManager\TaskManagerPlus\TaskManagerPlus\Controls\AppHistoryTab.cs(99,13): error CS0103: The name 'statsGrid' does not exist in the current context [D:\TaskManager\TaskManagerPlus\TaskManagerPlus\TaskManagerPlus.csproj]
   2:6>D:\TaskManager\TaskManagerPlus\TaskManagerPlus\Controls\AppHistoryTab.cs(100,13): error CS0103: The name 'statsGrid' does not exist in the current context [D:\TaskManager\TaskManagerPlus\TaskManagerPlus\TaskManagerPlus.csproj]
   2:6>D:\TaskManager\TaskManagerPlus\TaskManagerPlus\Controls\AppHistoryTab.cs(101,13): error CS0103: The name 'statsGrid' does not exist in the current context [D:\TaskManager\TaskManagerPlus\TaskManagerPlus\TaskManagerPlus.csproj]
   2:6>D:\TaskManager\TaskManagerPlus\TaskManagerPlus\Controls\BatteryTab.cs(97,13): error CS0103: The name 'healthCard' does not exist in the current context [D:\TaskManager\TaskManagerPlus\TaskManagerPlus\TaskManagerPlus.csproj]
   2:6>D:\TaskManager\TaskManagerPlus\TaskManagerPlus\Controls\BatteryTab.cs(98,13): error CS0103: The name 'healthCard' does not exist in the current context [D:\TaskManager\TaskManagerPlus\TaskManagerPlus\TaskManagerPlus.csproj]
   2:6>D:\TaskManager\TaskManagerPlus\TaskManagerPlus\Controls\BatteryTab.cs(99,40): error CS0103: The name 'healthCard' does not exist in the current context [D:\TaskManager\TaskManagerPlus\TaskManagerPlus\TaskManagerPlus.csproj]
   2:6>D:\TaskManager\TaskManagerPlus\TaskManagerPlus\Controls\BatteryTab.cs(100,39): error CS0103: The name 'healthCard' does not exist in the current context [D:\TaskManager\TaskManagerPlus\TaskManagerPlus\TaskManagerPlus.csproj]
   2:6>D:\TaskManager\TaskManagerPlus\TaskManagerPlus\Controls\BatteryTab.cs(116,13): error CS0103: The name 'healthCard' does not exist in the current context [D:\TaskManager\TaskManagerPlus\TaskManagerPlus\TaskManagerPlus.csproj]
   2:6>D:\TaskManager\TaskManagerPlus\TaskManagerPlus\Controls\BatteryTab.cs(116,45): error CS0103: The name 'healthCard' does not exist in the current context [D:\TaskManager\TaskManagerPlus\TaskManagerPlus\TaskManagerPlus.csproj]
   2:6>D:\TaskManager\TaskManagerPlus\TaskManagerPlus\Controls\AppHistoryTab.cs(117,13): error CS0103: The name 'gridCard' does not exist in the current context [D:\TaskManager\TaskManagerPlus\TaskManagerPlus\TaskManagerPlus.csproj]
   2:6>D:\TaskManager\TaskManagerPlus\TaskManagerPlus\Controls\AppHistoryTab.cs(117,83): error CS0103: The name 'gridCard' does not exist in the current context [D:\TaskManager\TaskManagerPlus\TaskManagerPlus\TaskManagerPlus.csproj]
   2:6>D:\TaskManager\TaskManagerPlus\TaskManagerPlus\Controls\AppHistoryTab.cs(117,124): error CS0103: The name 'gridCard' does not exist in the current context [D:\TaskManager\TaskManagerPlus\TaskManagerPlus\TaskManagerPlus.csproj]
   2:6>D:\TaskManager\TaskManagerPlus\TaskManagerPlus\Controls\AppHistoryTab.cs(119,13): error CS0103: The name 'gridCard' does not exist in the current context [D:\TaskManager\TaskManagerPlus\TaskManagerPlus\TaskManagerPlus.csproj]
   2:6>D:\TaskManager\TaskManagerPlus\TaskManagerPlus\Form1.cs(238,26): error CS1061: 'ProcessesTab' does not contain a definition for 'ProcessMonitor' and no accessible extension method 'ProcessMonitor' accepting a first argument of type 'ProcessesTab' could be found (are you missing a using directive or an assembly reference?) [D:\TaskManager\TaskManagerPlus\TaskManagerPlus\TaskManagerPlus.csproj]
   2:6>D:\TaskManager\TaskManagerPlus\TaskManagerPlus\Controls\StartupTab.cs(28,13): error CS0103: The name 'panelControls' does not exist in the current context [D:\TaskManager\TaskManagerPlus\TaskManagerPlus\TaskManagerPlus.csproj]
   2:6>D:\TaskManager\TaskManagerPlus\TaskManagerPlus\Controls\StartupTab.cs(29,13): error CS0103: The name 'panelGrid' does not exist in the current context [D:\TaskManager\TaskManagerPlus\TaskManagerPlus\TaskManagerPlus.csproj]
   2:6>D:\TaskManager\TaskManagerPlus\TaskManagerPlus\Controls\StartupTab.cs(30,40): error CS0103: The name 'panelGrid' does not exist in the current context [D:\TaskManager\TaskManagerPlus\TaskManagerPlus\TaskManagerPlus.csproj]
   2:6>D:\TaskManager\TaskManagerPlus\TaskManagerPlus\Controls\StartupTab.cs(31,39): error CS0103: The name 'panelGrid' does not exist in the current context [D:\TaskManager\TaskManagerPlus\TaskManagerPlus\TaskManagerPlus.csproj]
   2:6>D:\TaskManager\TaskManagerPlus\TaskManagerPlus\Controls\BatteryTab.cs(121,13): error CS0103: The name 'tipsCard' does not exist in the current context [D:\TaskManager\TaskManagerPlus\TaskManagerPlus\TaskManagerPlus.csproj]
   2:6>D:\TaskManager\TaskManagerPlus\TaskManagerPlus\Controls\BatteryTab.cs(122,13): error CS0103: The name 'tipsCard' does not exist in the current context [D:\TaskManager\TaskManagerPlus\TaskManagerPlus\TaskManagerPlus.csproj]
   2:6>D:\TaskManager\TaskManagerPlus\TaskManagerPlus\Controls\BatteryTab.cs(123,40): error CS0103: The name 'tipsCard' does not exist in the current context [D:\TaskManager\TaskManagerPlus\TaskManagerPlus\TaskManagerPlus.csproj]
   2:6>D:\TaskManager\TaskManagerPlus\TaskManagerPlus\Controls\BatteryTab.cs(124,39): error CS0103: The name 'tipsCard' does not exist in the current context [D:\TaskManager\TaskManagerPlus\TaskManagerPlus\TaskManagerPlus.csproj]
   2:6>D:\TaskManager\TaskManagerPlus\TaskManagerPlus\Controls\BatteryTab.cs(128,13): error CS0103: The name 'tipsCard' does not exist in the current context [D:\TaskManager\TaskManagerPlus\TaskManagerPlus\TaskManagerPlus.csproj]
   2:6>D:\TaskManager\TaskManagerPlus\TaskManagerPlus\Controls\BatteryTab.cs(128,46): error CS0103: The name 'tipsCard' does not exist in the current context [D:\TaskManager\TaskManagerPlus\TaskManagerPlus\TaskManagerPlus.csproj]
   2:6>D:\TaskManager\TaskManagerPlus\TaskManagerPlus\Controls\StartupTab.cs(38,13): error CS0103: The name 'btnToggleStatus' does not exist in the current context [D:\TaskManager\TaskManagerPlus\TaskManagerPlus\TaskManagerPlus.csproj]
   2:6>D:\TaskManager\TaskManagerPlus\TaskManagerPlus\Controls\StartupTab.cs(39,25): error CS0103: The name 'btnToggleStatus' does not exist in the current context [D:\TaskManager\TaskManagerPlus\TaskManagerPlus\TaskManagerPlus.csproj]
   2:6>D:\TaskManager\TaskManagerPlus\TaskManagerPlus\Controls\BatteryTab.cs(160,13): error CS0103: The name 'heroCard' does not exist in the current context [D:\TaskManager\TaskManagerPlus\TaskManagerPlus\TaskManagerPlus.csproj]
   2:6>D:\TaskManager\TaskManagerPlus\TaskManagerPlus\Controls\BatteryTab.cs(204,53): error CS0103: The name 'rootScrollPanel' does not exist in the current context [D:\TaskManager\TaskManagerPlus\TaskManagerPlus\TaskManagerPlus.csproj]
   2:6>D:\TaskManager\TaskManagerPlus\TaskManagerPlus\Controls\BatteryTab.cs(204,94): error CS0103: The name 'rootScrollPanel' does not exist in the current context [D:\TaskManager\TaskManagerPlus\TaskManagerPlus\TaskManagerPlus.csproj]
   2:6>D:\TaskManager\TaskManagerPlus\TaskManagerPlus\Controls\BatteryTab.cs(204,133): error CS0103: The name 'stackPanel' does not exist in the current context [D:\TaskManager\TaskManagerPlus\TaskManagerPlus\TaskManagerPlus.csproj]
   2:6>D:\TaskManager\TaskManagerPlus\TaskManagerPlus\Controls\BatteryTab.cs(204,155): error CS0103: The name 'heroCard' does not exist in the current context [D:\TaskManager\TaskManagerPlus\TaskManagerPlus\TaskManagerPlus.csproj]
   2:6>D:\TaskManager\TaskManagerPlus\TaskManagerPlus\Controls\BatteryTab.cs(204,175): error CS0103: The name 'statsGrid' does not exist in the current context [D:\TaskManager\TaskManagerPlus\TaskManagerPlus\TaskManagerPlus.csproj]
   2:6>D:\TaskManager\TaskManagerPlus\TaskManagerPlus\Controls\BatteryTab.cs(204,196): error CS0103: The name 'healthCard' does not exist in the current context [D:\TaskManager\TaskManagerPlus\TaskManagerPlus\TaskManagerPlus.csproj]
   2:6>D:\TaskManager\TaskManagerPlus\TaskManagerPlus\Controls\BatteryTab.cs(204,218): error CS0103: The name 'tipsCard' does not exist in the current context [D:\TaskManager\TaskManagerPlus\TaskManagerPlus\TaskManagerPlus.csproj]
   2:6>D:\TaskManager\TaskManagerPlus\TaskManagerPlus\Controls\PerformanceTab.cs(108,21): error CS1061: 'PerformanceSidebar' does not contain a definition for 'SelectItem' and no accessible extension method 'SelectItem' accepting a first argument of type 'PerformanceSidebar' could be found (are you missing a using directive or an assembly reference?) [D:\TaskManager\TaskManagerPlus\TaskManagerPlus\TaskManagerPlus.csproj]
   2:6>D:\TaskManager\TaskManagerPlus\TaskManagerPlus\Controls\AppHistoryTab.cs(152,53): error CS0103: The name 'rootScrollPanel' does not exist in the current context [D:\TaskManager\TaskManagerPlus\TaskManagerPlus\TaskManagerPlus.csproj]
   2:6>D:\TaskManager\TaskManagerPlus\TaskManagerPlus\Controls\AppHistoryTab.cs(152,94): error CS0103: The name 'rootScrollPanel' does not exist in the current context [D:\TaskManager\TaskManagerPlus\TaskManagerPlus\TaskManagerPlus.csproj]
   2:6>D:\TaskManager\TaskManagerPlus\TaskManagerPlus\Controls\AppHistoryTab.cs(152,133): error CS0103: The name 'stackPanel' does not exist in the current context [D:\TaskManager\TaskManagerPlus\TaskManagerPlus\TaskManagerPlus.csproj]
   2:6>D:\TaskManager\TaskManagerPlus\TaskManagerPlus\Controls\AppHistoryTab.cs(152,155): error CS0103: The name 'heroCard' does not exist in the current context [D:\TaskManager\TaskManagerPlus\TaskManagerPlus\TaskManagerPlus.csproj]
   2:6>D:\TaskManager\TaskManagerPlus\TaskManagerPlus\Controls\AppHistoryTab.cs(152,175): error CS0103: The name 'toolbarCard' does not exist in the current context [D:\TaskManager\TaskManagerPlus\TaskManagerPlus\TaskManagerPlus.csproj]
   2:6>D:\TaskManager\TaskManagerPlus\TaskManagerPlus\Controls\AppHistoryTab.cs(152,198): error CS0103: The name 'statsGrid' does not exist in the current context [D:\TaskManager\TaskManagerPlus\TaskManagerPlus\TaskManagerPlus.csproj]
   2:6>D:\TaskManager\TaskManagerPlus\TaskManagerPlus\Controls\AppHistoryTab.cs(152,219): error CS0103: The name 'gridCard' does not exist in the current context [D:\TaskManager\TaskManagerPlus\TaskManagerPlus\TaskManagerPlus.csproj]
   2:6>D:\TaskManager\TaskManagerPlus\TaskManagerPlus\Controls\ProcessesTab.cs(157,102): error CS1061: 'ProcessInfo' does not contain a definition for 'Id' and no accessible extension method 'Id' accepting a first argument of type 'ProcessInfo' could be found (are you missing a using directive or an assembly reference?) [D:\TaskManager\TaskManagerPlus\TaskManagerPlus\TaskManagerPlus.csproj]
   2:6>D:\TaskManager\TaskManagerPlus\TaskManagerPlus\Controls\ProcessesTab.cs(157,113): error CS1061: 'ProcessInfo' does not contain a definition for 'Id' and no accessible extension method 'Id' accepting a first argument of type 'ProcessInfo' could be found (are you missing a using directive or an assembly reference?) [D:\TaskManager\TaskManagerPlus\TaskManagerPlus\TaskManagerPlus.csproj]
   2:6>D:\TaskManager\TaskManagerPlus\TaskManagerPlus\Controls\StartupTab.cs(218,92): error CS0103: The name 'btnToggleStatus' does not exist in the current context [D:\TaskManager\TaskManagerPlus\TaskManagerPlus\TaskManagerPlus.csproj]
   2:6>D:\TaskManager\TaskManagerPlus\TaskManagerPlus\Controls\StartupTab.cs(220,13): error CS0103: The name 'btnToggleStatus' does not exist in the current context [D:\TaskManager\TaskManagerPlus\TaskManagerPlus\TaskManagerPlus.csproj]
   2:6>D:\TaskManager\TaskManagerPlus\TaskManagerPlus\Controls\ProcessesTab.cs(190,50): error CS1061: 'ProcessInfo' does not contain a definition for 'Id' and no accessible extension method 'Id' accepting a first argument of type 'ProcessInfo' could be found (are you missing a using directive or an assembly reference?) [D:\TaskManager\TaskManagerPlus\TaskManagerPlus\TaskManagerPlus.csproj]
   2:6>D:\TaskManager\TaskManagerPlus\TaskManagerPlus\Controls\ProcessesTab.Designer.cs(95,71): error CS1061: 'ProcessesTab' does not contain a definition for 'btnKillProcess_Click' and no accessible extension method 'btnKillProcess_Click' accepting a first argument of type 'ProcessesTab' could be found (are you missing a using directive or an assembly reference?) [D:\TaskManager\TaskManagerPlus\TaskManagerPlus\TaskManagerPlus.csproj]
   2:6>D:\TaskManager\TaskManagerPlus\TaskManagerPlus\Controls\StartupTab.Designer.cs(76,66): error CS1061: 'StartupTab' does not contain a definition for 'btnEnable_Click' and no accessible extension method 'btnEnable_Click' accepting a first argument of type 'StartupTab' could be found (are you missing a using directive or an assembly reference?) [D:\TaskManager\TaskManagerPlus\TaskManagerPlus\TaskManagerPlus.csproj]
   2:6>D:\TaskManager\TaskManagerPlus\TaskManagerPlus\Controls\StartupTab.Designer.cs(92,67): error CS1061: 'StartupTab' does not contain a definition for 'btnDisable_Click' and no accessible extension method 'btnDisable_Click' accepting a first argument of type 'StartupTab' could be found (are you missing a using directive or an assembly reference?) [D:\TaskManager\TaskManagerPlus\TaskManagerPlus\TaskManagerPlus.csproj]
   2:6>D:\TaskManager\TaskManagerPlus\TaskManagerPlus\Form1.cs(23,22): warning CS0414: The field 'Form1._preloaded' is assigned but its value is never used [D:\TaskManager\TaskManagerPlus\TaskManagerPlus\TaskManagerPlus.csproj]
   2:6>D:\TaskManager\TaskManagerPlus\TaskManagerPlus\Controls\AppHistoryTab.Designer.cs(5,50): warning CS0414: The field 'AppHistoryTab.components' is assigned but its value is never used [D:\TaskManager\TaskManagerPlus\TaskManagerPlus\TaskManagerPlus.csproj]
   2:6>D:\TaskManager\TaskManagerPlus\TaskManagerPlus\Controls\BatteryTab.Designer.cs(5,50): warning CS0414: The field 'BatteryTab.components' is assigned but its value is never used [D:\TaskManager\TaskManagerPlus\TaskManagerPlus\TaskManagerPlus.csproj]
         CompilerServer: server - server processed compilation - TaskManagerPlus
       Done executing task "Csc" -- FAILED.
   2:6>Done building target "CoreCompile" in project "TaskManagerPlus.csproj" -- FAILED.
   2:6>Target "_CheckForCompileOutputs" in file "C:\Program Files\dotnet\sdk\10.0.300-preview.0.26177.108\Microsoft.Common.CurrentVersion.targets" from project "D:\TaskManager\TaskManagerPlus\TaskManagerPlus\TaskManagerPlus.csproj" (target "_CleanGetCurrentAndPriorFileWrites" depends on it):
   2:6>Done building target "_CheckForCompileOutputs" in project "TaskManagerPlus.csproj".
   2:6>Target "_CleanGetCurrentAndPriorFileWrites" in file "C:\Program Files\dotnet\sdk\10.0.300-preview.0.26177.108\Microsoft.Common.CurrentVersion.targets" from project "D:\TaskManager\TaskManagerPlus\TaskManagerPlus\TaskManagerPlus.csproj" (target "_CleanRecordFileWrites" depends on it):
       Using "ReadLinesFromFile" task from assembly "Microsoft.Build.Tasks.Core, Version=15.1.0.0, Culture=neutral, PublicKeyToken=b03f5f7f11d50a3a".
       Task "ReadLinesFromFile"
       Done executing task "ReadLinesFromFile".
       Task "ConvertToAbsolutePath"
       Done executing task "ConvertToAbsolutePath".
       Using "FindUnderPath" task from assembly "Microsoft.Build.Tasks.Core, Version=15.1.0.0, Culture=neutral, PublicKeyToken=b03f5f7f11d50a3a".
       Task "FindUnderPath"
         Comparison path is "D:\TaskManager\TaskManagerPlus\TaskManagerPlus".
       Done executing task "FindUnderPath".
       Task "FindUnderPath"
         Comparison path is "bin\Debug\".
       Done executing task "FindUnderPath".
       Task "FindUnderPath"
         Comparison path is "obj\Debug\".
       Done executing task "FindUnderPath".
       Task "RemoveDuplicates"
       Done executing task "RemoveDuplicates".
   2:6>Done building target "_CleanGetCurrentAndPriorFileWrites" in project "TaskManagerPlus.csproj".
   2:6>Target "_CleanRecordFileWrites" in file "C:\Program Files\dotnet\sdk\10.0.300-preview.0.26177.108\Microsoft.Common.CurrentVersion.targets" from project "D:\TaskManager\TaskManagerPlus\TaskManagerPlus\TaskManagerPlus.csproj" (target "CoreBuild" depends on it):
       Task "RemoveDuplicates"
       Done executing task "RemoveDuplicates".
       Task "MakeDir"
       Done executing task "MakeDir".
       Task "WriteLinesToFile"
         Skipping write to file "obj\Debug\TaskManagerPlus.csproj.FileListAbsolute.txt" because content would not change.
       Done executing task "WriteLinesToFile".
   2:6>Done building target "_CleanRecordFileWrites" in project "TaskManagerPlus.csproj".
   2:6>Done Building Project "D:\TaskManager\TaskManagerPlus\TaskManagerPlus\TaskManagerPlus.csproj" (default targets) -- FAILED.
   1:2>Done executing task "MSBuild" -- FAILED.
   1:2>Done building target "Build" in project "TaskManagerPlus.sln" -- FAILED.
   1:2>Done Building Project "D:\TaskManager\TaskManagerPlus\TaskManagerPlus\TaskManagerPlus.sln" (default targets) -- FAILED.

Build FAILED.

       "D:\TaskManager\TaskManagerPlus\TaskManagerPlus\TaskManagerPlus.sln" (default target) (1:2) ->
       "D:\TaskManager\TaskManagerPlus\TaskManagerPlus\TaskManagerPlus.csproj" (default target) (2:6) ->
       (CoreCompile target) -> 
         D:\TaskManager\TaskManagerPlus\TaskManagerPlus\Form1.cs(23,22): warning CS0414: The field 'Form1._preloaded' is assigned but its value is never used [D:\TaskManager\TaskManagerPlus\TaskManagerPlus\TaskManagerPlus.csproj]
         D:\TaskManager\TaskManagerPlus\TaskManagerPlus\Controls\AppHistoryTab.Designer.cs(5,50): warning CS0414: The field 'AppHistoryTab.components' is assigned but its value is never used [D:\TaskManager\TaskManagerPlus\TaskManagerPlus\TaskManagerPlus.csproj]
         D:\TaskManager\TaskManagerPlus\TaskManagerPlus\Controls\BatteryTab.Designer.cs(5,50): warning CS0414: The field 'BatteryTab.components' is assigned but its value is never used [D:\TaskManager\TaskManagerPlus\TaskManagerPlus\TaskManagerPlus.csproj]


       "D:\TaskManager\TaskManagerPlus\TaskManagerPlus\TaskManagerPlus.sln" (default target) (1:2) ->
       "D:\TaskManager\TaskManagerPlus\TaskManagerPlus\TaskManagerPlus.csproj" (default target) (2:6) ->
       (CoreCompile target) -> 
         D:\TaskManager\TaskManagerPlus\TaskManagerPlus\Controls\TemperatureTab.cs(197,89): error CS0165: Use of unassigned local variable 'val' [D:\TaskManager\TaskManagerPlus\TaskManagerPlus\TaskManagerPlus.csproj]
         D:\TaskManager\TaskManagerPlus\TaskManagerPlus\Controls\BatteryTab.cs(31,13): error CS0103: The name 'stackPanel' does not exist in the current context [D:\TaskManager\TaskManagerPlus\TaskManagerPlus\TaskManagerPlus.csproj]
         D:\TaskManager\TaskManagerPlus\TaskManagerPlus\Controls\BatteryTab.cs(32,13): error CS0103: The name 'rootScrollPanel' does not exist in the current context [D:\TaskManager\TaskManagerPlus\TaskManagerPlus\TaskManagerPlus.csproj]
         D:\TaskManager\TaskManagerPlus\TaskManagerPlus\Controls\BatteryTab.cs(37,13): error CS0103: The name 'rootScrollPanel' does not exist in the current context [D:\TaskManager\TaskManagerPlus\TaskManagerPlus\TaskManagerPlus.csproj]
         D:\TaskManager\TaskManagerPlus\TaskManagerPlus\Controls\AppHistoryTab.cs(35,13): error CS0103: The name 'stackPanel' does not exist in the current context [D:\TaskManager\TaskManagerPlus\TaskManagerPlus\TaskManagerPlus.csproj]
         D:\TaskManager\TaskManagerPlus\TaskManagerPlus\Controls\AppHistoryTab.cs(36,13): error CS0103: The name 'rootScrollPanel' does not exist in the current context [D:\TaskManager\TaskManagerPlus\TaskManagerPlus\TaskManagerPlus.csproj]
         D:\TaskManager\TaskManagerPlus\TaskManagerPlus\Controls\AppHistoryTab.cs(38,13): error CS0103: The name 'rootScrollPanel' does not exist in the current context [D:\TaskManager\TaskManagerPlus\TaskManagerPlus\TaskManagerPlus.csproj]
         D:\TaskManager\TaskManagerPlus\TaskManagerPlus\Controls\AppHistoryTab.cs(57,13): error CS0103: The name 'heroCard' does not exist in the current context [D:\TaskManager\TaskManagerPlus\TaskManagerPlus\TaskManagerPlus.csproj]
         D:\TaskManager\TaskManagerPlus\TaskManagerPlus\Controls\AppHistoryTab.cs(58,13): error CS0103: The name 'heroCard' does not exist in the current context [D:\TaskManager\TaskManagerPlus\TaskManagerPlus\TaskManagerPlus.csproj]
         D:\TaskManager\TaskManagerPlus\TaskManagerPlus\Controls\AppHistoryTab.cs(59,40): error CS0103: The name 'heroCard' does not exist in the current context [D:\TaskManager\TaskManagerPlus\TaskManagerPlus\TaskManagerPlus.csproj]
         D:\TaskManager\TaskManagerPlus\TaskManagerPlus\Controls\AppHistoryTab.cs(60,39): error CS0103: The name 'heroCard' does not exist in the current context [D:\TaskManager\TaskManagerPlus\TaskManagerPlus\TaskManagerPlus.csproj]
         D:\TaskManager\TaskManagerPlus\TaskManagerPlus\Controls\AppHistoryTab.cs(64,13): error CS0103: The name 'heroCard' does not exist in the current context [D:\TaskManager\TaskManagerPlus\TaskManagerPlus\TaskManagerPlus.csproj]
         D:\TaskManager\TaskManagerPlus\TaskManagerPlus\Controls\AppHistoryTab.cs(65,13): error CS0103: The name 'heroCard' does not exist in the current context [D:\TaskManager\TaskManagerPlus\TaskManagerPlus\TaskManagerPlus.csproj]
         D:\TaskManager\TaskManagerPlus\TaskManagerPlus\Controls\BatteryTab.cs(58,13): error CS0103: The name 'heroCard' does not exist in the current context [D:\TaskManager\TaskManagerPlus\TaskManagerPlus\TaskManagerPlus.csproj]
         D:\TaskManager\TaskManagerPlus\TaskManagerPlus\Controls\BatteryTab.cs(59,13): error CS0103: The name 'heroCard' does not exist in the current context [D:\TaskManager\TaskManagerPlus\TaskManagerPlus\TaskManagerPlus.csproj]
         D:\TaskManager\TaskManagerPlus\TaskManagerPlus\Controls\BatteryTab.cs(60,40): error CS0103: The name 'heroCard' does not exist in the current context [D:\TaskManager\TaskManagerPlus\TaskManagerPlus\TaskManagerPlus.csproj]
         D:\TaskManager\TaskManagerPlus\TaskManagerPlus\Controls\BatteryTab.cs(61,39): error CS0103: The name 'heroCard' does not exist in the current context [D:\TaskManager\TaskManagerPlus\TaskManagerPlus\TaskManagerPlus.csproj]
         D:\TaskManager\TaskManagerPlus\TaskManagerPlus\Controls\BatteryTab.cs(72,13): error CS0103: The name 'heroCard' does not exist in the current context [D:\TaskManager\TaskManagerPlus\TaskManagerPlus\TaskManagerPlus.csproj]
         D:\TaskManager\TaskManagerPlus\TaskManagerPlus\Controls\BatteryTab.cs(72,48): error CS0103: The name 'heroCard' does not exist in the current context [D:\TaskManager\TaskManagerPlus\TaskManagerPlus\TaskManagerPlus.csproj]
         D:\TaskManager\TaskManagerPlus\TaskManagerPlus\Controls\BatteryTab.cs(77,13): error CS0103: The name 'statsGrid' does not exist in the current context [D:\TaskManager\TaskManagerPlus\TaskManagerPlus\TaskManagerPlus.csproj]
         D:\TaskManager\TaskManagerPlus\TaskManagerPlus\Controls\BatteryTab.cs(78,13): error CS0103: The name 'statsGrid' does not exist in the current context [D:\TaskManager\TaskManagerPlus\TaskManagerPlus\TaskManagerPlus.csproj]
         D:\TaskManager\TaskManagerPlus\TaskManagerPlus\Controls\BatteryTab.cs(79,13): error CS0103: The name 'statsGrid' does not exist in the current context [D:\TaskManager\TaskManagerPlus\TaskManagerPlus\TaskManagerPlus.csproj]
         D:\TaskManager\TaskManagerPlus\TaskManagerPlus\Controls\BatteryTab.cs(80,13): error CS0103: The name 'statsGrid' does not exist in the current context [D:\TaskManager\TaskManagerPlus\TaskManagerPlus\TaskManagerPlus.csproj]
         D:\TaskManager\TaskManagerPlus\TaskManagerPlus\Controls\BatteryTab.cs(81,13): error CS0103: The name 'statsGrid' does not exist in the current context [D:\TaskManager\TaskManagerPlus\TaskManagerPlus\TaskManagerPlus.csproj]
         D:\TaskManager\TaskManagerPlus\TaskManagerPlus\Controls\AppHistoryTab.cs(70,13): error CS0103: The name 'toolbarCard' does not exist in the current context [D:\TaskManager\TaskManagerPlus\TaskManagerPlus\TaskManagerPlus.csproj]
         D:\TaskManager\TaskManagerPlus\TaskManagerPlus\Controls\AppHistoryTab.cs(71,13): error CS0103: The name 'toolbarCard' does not exist in the current context [D:\TaskManager\TaskManagerPlus\TaskManagerPlus\TaskManagerPlus.csproj]
         D:\TaskManager\TaskManagerPlus\TaskManagerPlus\Controls\AppHistoryTab.cs(72,40): error CS0103: The name 'toolbarCard' does not exist in the current context [D:\TaskManager\TaskManagerPlus\TaskManagerPlus\TaskManagerPlus.csproj]
         D:\TaskManager\TaskManagerPlus\TaskManagerPlus\Controls\AppHistoryTab.cs(73,39): error CS0103: The name 'toolbarCard' does not exist in the current context [D:\TaskManager\TaskManagerPlus\TaskManagerPlus\TaskManagerPlus.csproj]
         D:\TaskManager\TaskManagerPlus\TaskManagerPlus\Controls\AppHistoryTab.cs(89,13): error CS0103: The name 'toolbarCard' does not exist in the current context [D:\TaskManager\TaskManagerPlus\TaskManagerPlus\TaskManagerPlus.csproj]
         D:\TaskManager\TaskManagerPlus\TaskManagerPlus\Controls\ProcessesTab.cs(33,13): error CS0103: The name 'panelControls' does not exist in the current context [D:\TaskManager\TaskManagerPlus\TaskManagerPlus\TaskManagerPlus.csproj]
         D:\TaskManager\TaskManagerPlus\TaskManagerPlus\Controls\ProcessesTab.cs(34,13): error CS0103: The name 'panelGrid' does not exist in the current context [D:\TaskManager\TaskManagerPlus\TaskManagerPlus\TaskManagerPlus.csproj]
         D:\TaskManager\TaskManagerPlus\TaskManagerPlus\Controls\ProcessesTab.cs(35,40): error CS0103: The name 'panelGrid' does not exist in the current context [D:\TaskManager\TaskManagerPlus\TaskManagerPlus\TaskManagerPlus.csproj]
         D:\TaskManager\TaskManagerPlus\TaskManagerPlus\Controls\ProcessesTab.cs(36,39): error CS0103: The name 'panelGrid' does not exist in the current context [D:\TaskManager\TaskManagerPlus\TaskManagerPlus\TaskManagerPlus.csproj]
         D:\TaskManager\TaskManagerPlus\TaskManagerPlus\Controls\ProcessesTab.cs(45,13): error CS0103: The name 'btnEndTask' does not exist in the current context [D:\TaskManager\TaskManagerPlus\TaskManagerPlus\TaskManagerPlus.csproj]
         D:\TaskManager\TaskManagerPlus\TaskManagerPlus\Controls\ProcessesTab.cs(46,25): error CS0103: The name 'btnEndTask' does not exist in the current context [D:\TaskManager\TaskManagerPlus\TaskManagerPlus\TaskManagerPlus.csproj]
         D:\TaskManager\TaskManagerPlus\TaskManagerPlus\Controls\AppHistoryTab.cs(96,13): error CS0103: The name 'statsGrid' does not exist in the current context [D:\TaskManager\TaskManagerPlus\TaskManagerPlus\TaskManagerPlus.csproj]
         D:\TaskManager\TaskManagerPlus\TaskManagerPlus\Controls\AppHistoryTab.cs(97,13): error CS0103: The name 'statsGrid' does not exist in the current context [D:\TaskManager\TaskManagerPlus\TaskManagerPlus\TaskManagerPlus.csproj]
         D:\TaskManager\TaskManagerPlus\TaskManagerPlus\Controls\AppHistoryTab.cs(98,13): error CS0103: The name 'statsGrid' does not exist in the current context [D:\TaskManager\TaskManagerPlus\TaskManagerPlus\TaskManagerPlus.csproj]
         D:\TaskManager\TaskManagerPlus\TaskManagerPlus\Controls\AppHistoryTab.cs(99,13): error CS0103: The name 'statsGrid' does not exist in the current context [D:\TaskManager\TaskManagerPlus\TaskManagerPlus\TaskManagerPlus.csproj]
         D:\TaskManager\TaskManagerPlus\TaskManagerPlus\Controls\AppHistoryTab.cs(100,13): error CS0103: The name 'statsGrid' does not exist in the current context [D:\TaskManager\TaskManagerPlus\TaskManagerPlus\TaskManagerPlus.csproj]
         D:\TaskManager\TaskManagerPlus\TaskManagerPlus\Controls\AppHistoryTab.cs(101,13): error CS0103: The name 'statsGrid' does not exist in the current context [D:\TaskManager\TaskManagerPlus\TaskManagerPlus\TaskManagerPlus.csproj]
         D:\TaskManager\TaskManagerPlus\TaskManagerPlus\Controls\BatteryTab.cs(97,13): error CS0103: The name 'healthCard' does not exist in the current context [D:\TaskManager\TaskManagerPlus\TaskManagerPlus\TaskManagerPlus.csproj]
         D:\TaskManager\TaskManagerPlus\TaskManagerPlus\Controls\BatteryTab.cs(98,13): error CS0103: The name 'healthCard' does not exist in the current context [D:\TaskManager\TaskManagerPlus\TaskManagerPlus\TaskManagerPlus.csproj]
         D:\TaskManager\TaskManagerPlus\TaskManagerPlus\Controls\BatteryTab.cs(99,40): error CS0103: The name 'healthCard' does not exist in the current context [D:\TaskManager\TaskManagerPlus\TaskManagerPlus\TaskManagerPlus.csproj]
         D:\TaskManager\TaskManagerPlus\TaskManagerPlus\Controls\BatteryTab.cs(100,39): error CS0103: The name 'healthCard' does not exist in the current context [D:\TaskManager\TaskManagerPlus\TaskManagerPlus\TaskManagerPlus.csproj]
         D:\TaskManager\TaskManagerPlus\TaskManagerPlus\Controls\BatteryTab.cs(116,13): error CS0103: The name 'healthCard' does not exist in the current context [D:\TaskManager\TaskManagerPlus\TaskManagerPlus\TaskManagerPlus.csproj]
         D:\TaskManager\TaskManagerPlus\TaskManagerPlus\Controls\BatteryTab.cs(116,45): error CS0103: The name 'healthCard' does not exist in the current context [D:\TaskManager\TaskManagerPlus\TaskManagerPlus\TaskManagerPlus.csproj]
         D:\TaskManager\TaskManagerPlus\TaskManagerPlus\Controls\AppHistoryTab.cs(117,13): error CS0103: The name 'gridCard' does not exist in the current context [D:\TaskManager\TaskManagerPlus\TaskManagerPlus\TaskManagerPlus.csproj]
         D:\TaskManager\TaskManagerPlus\TaskManagerPlus\Controls\AppHistoryTab.cs(117,83): error CS0103: The name 'gridCard' does not exist in the current context [D:\TaskManager\TaskManagerPlus\TaskManagerPlus\TaskManagerPlus.csproj]
         D:\TaskManager\TaskManagerPlus\TaskManagerPlus\Controls\AppHistoryTab.cs(117,124): error CS0103: The name 'gridCard' does not exist in the current context [D:\TaskManager\TaskManagerPlus\TaskManagerPlus\TaskManagerPlus.csproj]
         D:\TaskManager\TaskManagerPlus\TaskManagerPlus\Controls\AppHistoryTab.cs(119,13): error CS0103: The name 'gridCard' does not exist in the current context [D:\TaskManager\TaskManagerPlus\TaskManagerPlus\TaskManagerPlus.csproj]
         D:\TaskManager\TaskManagerPlus\TaskManagerPlus\Form1.cs(238,26): error CS1061: 'ProcessesTab' does not contain a definition for 'ProcessMonitor' and no accessible extension method 'ProcessMonitor' accepting a first argument of type 'ProcessesTab' could be found (are you missing a using directive or an assembly reference?) [D:\TaskManager\TaskManagerPlus\TaskManagerPlus\TaskManagerPlus.csproj]
         D:\TaskManager\TaskManagerPlus\TaskManagerPlus\Controls\StartupTab.cs(28,13): error CS0103: The name 'panelControls' does not exist in the current context [D:\TaskManager\TaskManagerPlus\TaskManagerPlus\TaskManagerPlus.csproj]
         D:\TaskManager\TaskManagerPlus\TaskManagerPlus\Controls\StartupTab.cs(29,13): error CS0103: The name 'panelGrid' does not exist in the current context [D:\TaskManager\TaskManagerPlus\TaskManagerPlus\TaskManagerPlus.csproj]
         D:\TaskManager\TaskManagerPlus\TaskManagerPlus\Controls\StartupTab.cs(30,40): error CS0103: The name 'panelGrid' does not exist in the current context [D:\TaskManager\TaskManagerPlus\TaskManagerPlus\TaskManagerPlus.csproj]
         D:\TaskManager\TaskManagerPlus\TaskManagerPlus\Controls\StartupTab.cs(31,39): error CS0103: The name 'panelGrid' does not exist in the current context [D:\TaskManager\TaskManagerPlus\TaskManagerPlus\TaskManagerPlus.csproj]
         D:\TaskManager\TaskManagerPlus\TaskManagerPlus\Controls\BatteryTab.cs(121,13): error CS0103: The name 'tipsCard' does not exist in the current context [D:\TaskManager\TaskManagerPlus\TaskManagerPlus\TaskManagerPlus.csproj]
         D:\TaskManager\TaskManagerPlus\TaskManagerPlus\Controls\BatteryTab.cs(122,13): error CS0103: The name 'tipsCard' does not exist in the current context [D:\TaskManager\TaskManagerPlus\TaskManagerPlus\TaskManagerPlus.csproj]
         D:\TaskManager\TaskManagerPlus\TaskManagerPlus\Controls\BatteryTab.cs(123,40): error CS0103: The name 'tipsCard' does not exist in the current context [D:\TaskManager\TaskManagerPlus\TaskManagerPlus\TaskManagerPlus.csproj]
         D:\TaskManager\TaskManagerPlus\TaskManagerPlus\Controls\BatteryTab.cs(124,39): error CS0103: The name 'tipsCard' does not exist in the current context [D:\TaskManager\TaskManagerPlus\TaskManagerPlus\TaskManagerPlus.csproj]
         D:\TaskManager\TaskManagerPlus\TaskManagerPlus\Controls\BatteryTab.cs(128,13): error CS0103: The name 'tipsCard' does not exist in the current context [D:\TaskManager\TaskManagerPlus\TaskManagerPlus\TaskManagerPlus.csproj]
         D:\TaskManager\TaskManagerPlus\TaskManagerPlus\Controls\BatteryTab.cs(128,46): error CS0103: The name 'tipsCard' does not exist in the current context [D:\TaskManager\TaskManagerPlus\TaskManagerPlus\TaskManagerPlus.csproj]
         D:\TaskManager\TaskManagerPlus\TaskManagerPlus\Controls\StartupTab.cs(38,13): error CS0103: The name 'btnToggleStatus' does not exist in the current context [D:\TaskManager\TaskManagerPlus\TaskManagerPlus\TaskManagerPlus.csproj]
         D:\TaskManager\TaskManagerPlus\TaskManagerPlus\Controls\StartupTab.cs(39,25): error CS0103: The name 'btnToggleStatus' does not exist in the current context [D:\TaskManager\TaskManagerPlus\TaskManagerPlus\TaskManagerPlus.csproj]
         D:\TaskManager\TaskManagerPlus\TaskManagerPlus\Controls\BatteryTab.cs(160,13): error CS0103: The name 'heroCard' does not exist in the current context [D:\TaskManager\TaskManagerPlus\TaskManagerPlus\TaskManagerPlus.csproj]
         D:\TaskManager\TaskManagerPlus\TaskManagerPlus\Controls\BatteryTab.cs(204,53): error CS0103: The name 'rootScrollPanel' does not exist in the current context [D:\TaskManager\TaskManagerPlus\TaskManagerPlus\TaskManagerPlus.csproj]
         D:\TaskManager\TaskManagerPlus\TaskManagerPlus\Controls\BatteryTab.cs(204,94): error CS0103: The name 'rootScrollPanel' does not exist in the current context [D:\TaskManager\TaskManagerPlus\TaskManagerPlus\TaskManagerPlus.csproj]
         D:\TaskManager\TaskManagerPlus\TaskManagerPlus\Controls\BatteryTab.cs(204,133): error CS0103: The name 'stackPanel' does not exist in the current context [D:\TaskManager\TaskManagerPlus\TaskManagerPlus\TaskManagerPlus.csproj]
         D:\TaskManager\TaskManagerPlus\TaskManagerPlus\Controls\BatteryTab.cs(204,155): error CS0103: The name 'heroCard' does not exist in the current context [D:\TaskManager\TaskManagerPlus\TaskManagerPlus\TaskManagerPlus.csproj]
         D:\TaskManager\TaskManagerPlus\TaskManagerPlus\Controls\BatteryTab.cs(204,175): error CS0103: The name 'statsGrid' does not exist in the current context [D:\TaskManager\TaskManagerPlus\TaskManagerPlus\TaskManagerPlus.csproj]
         D:\TaskManager\TaskManagerPlus\TaskManagerPlus\Controls\BatteryTab.cs(204,196): error CS0103: The name 'healthCard' does not exist in the current context [D:\TaskManager\TaskManagerPlus\TaskManagerPlus\TaskManagerPlus.csproj]
         D:\TaskManager\TaskManagerPlus\TaskManagerPlus\Controls\BatteryTab.cs(204,218): error CS0103: The name 'tipsCard' does not exist in the current context [D:\TaskManager\TaskManagerPlus\TaskManagerPlus\TaskManagerPlus.csproj]
         D:\TaskManager\TaskManagerPlus\TaskManagerPlus\Controls\PerformanceTab.cs(108,21): error CS1061: 'PerformanceSidebar' does not contain a definition for 'SelectItem' and no accessible extension method 'SelectItem' accepting a first argument of type 'PerformanceSidebar' could be found (are you missing a using directive or an assembly reference?) [D:\TaskManager\TaskManagerPlus\TaskManagerPlus\TaskManagerPlus.csproj]
         D:\TaskManager\TaskManagerPlus\TaskManagerPlus\Controls\AppHistoryTab.cs(152,53): error CS0103: The name 'rootScrollPanel' does not exist in the current context [D:\TaskManager\TaskManagerPlus\TaskManagerPlus\TaskManagerPlus.csproj]
         D:\TaskManager\TaskManagerPlus\TaskManagerPlus\Controls\AppHistoryTab.cs(152,94): error CS0103: The name 'rootScrollPanel' does not exist in the current context [D:\TaskManager\TaskManagerPlus\TaskManagerPlus\TaskManagerPlus.csproj]
         D:\TaskManager\TaskManagerPlus\TaskManagerPlus\Controls\AppHistoryTab.cs(152,133): error CS0103: The name 'stackPanel' does not exist in the current context [D:\TaskManager\TaskManagerPlus\TaskManagerPlus\TaskManagerPlus.csproj]
         D:\TaskManager\TaskManagerPlus\TaskManagerPlus\Controls\AppHistoryTab.cs(152,155): error CS0103: The name 'heroCard' does not exist in the current context [D:\TaskManager\TaskManagerPlus\TaskManagerPlus\TaskManagerPlus.csproj]
         D:\TaskManager\TaskManagerPlus\TaskManagerPlus\Controls\AppHistoryTab.cs(152,175): error CS0103: The name 'toolbarCard' does not exist in the current context [D:\TaskManager\TaskManagerPlus\TaskManagerPlus\TaskManagerPlus.csproj]
         D:\TaskManager\TaskManagerPlus\TaskManagerPlus\Controls\AppHistoryTab.cs(152,198): error CS0103: The name 'statsGrid' does not exist in the current context [D:\TaskManager\TaskManagerPlus\TaskManagerPlus\TaskManagerPlus.csproj]
         D:\TaskManager\TaskManagerPlus\TaskManagerPlus\Controls\AppHistoryTab.cs(152,219): error CS0103: The name 'gridCard' does not exist in the current context [D:\TaskManager\TaskManagerPlus\TaskManagerPlus\TaskManagerPlus.csproj]
         D:\TaskManager\TaskManagerPlus\TaskManagerPlus\Controls\ProcessesTab.cs(157,102): error CS1061: 'ProcessInfo' does not contain a definition for 'Id' and no accessible extension method 'Id' accepting a first argument of type 'ProcessInfo' could be found (are you missing a using directive or an assembly reference?) [D:\TaskManager\TaskManagerPlus\TaskManagerPlus\TaskManagerPlus.csproj]
         D:\TaskManager\TaskManagerPlus\TaskManagerPlus\Controls\ProcessesTab.cs(157,113): error CS1061: 'ProcessInfo' does not contain a definition for 'Id' and no accessible extension method 'Id' accepting a first argument of type 'ProcessInfo' could be found (are you missing a using directive or an assembly reference?) [D:\TaskManager\TaskManagerPlus\TaskManagerPlus\TaskManagerPlus.csproj]
         D:\TaskManager\TaskManagerPlus\TaskManagerPlus\Controls\StartupTab.cs(218,92): error CS0103: The name 'btnToggleStatus' does not exist in the current context [D:\TaskManager\TaskManagerPlus\TaskManagerPlus\TaskManagerPlus.csproj]
         D:\TaskManager\TaskManagerPlus\TaskManagerPlus\Controls\StartupTab.cs(220,13): error CS0103: The name 'btnToggleStatus' does not exist in the current context [D:\TaskManager\TaskManagerPlus\TaskManagerPlus\TaskManagerPlus.csproj]
         D:\TaskManager\TaskManagerPlus\TaskManagerPlus\Controls\ProcessesTab.cs(190,50): error CS1061: 'ProcessInfo' does not contain a definition for 'Id' and no accessible extension method 'Id' accepting a first argument of type 'ProcessInfo' could be found (are you missing a using directive or an assembly reference?) [D:\TaskManager\TaskManagerPlus\TaskManagerPlus\TaskManagerPlus.csproj]
         D:\TaskManager\TaskManagerPlus\TaskManagerPlus\Controls\ProcessesTab.Designer.cs(95,71): error CS1061: 'ProcessesTab' does not contain a definition for 'btnKillProcess_Click' and no accessible extension method 'btnKillProcess_Click' accepting a first argument of type 'ProcessesTab' could be found (are you missing a using directive or an assembly reference?) [D:\TaskManager\TaskManagerPlus\TaskManagerPlus\TaskManagerPlus.csproj]
         D:\TaskManager\TaskManagerPlus\TaskManagerPlus\Controls\StartupTab.Designer.cs(76,66): error CS1061: 'StartupTab' does not contain a definition for 'btnEnable_Click' and no accessible extension method 'btnEnable_Click' accepting a first argument of type 'StartupTab' could be found (are you missing a using directive or an assembly reference?) [D:\TaskManager\TaskManagerPlus\TaskManagerPlus\TaskManagerPlus.csproj]
         D:\TaskManager\TaskManagerPlus\TaskManagerPlus\Controls\StartupTab.Designer.cs(92,67): error CS1061: 'StartupTab' does not contain a definition for 'btnDisable_Click' and no accessible extension method 'btnDisable_Click' accepting a first argument of type 'StartupTab' could be found (are you missing a using directive or an assembly reference?) [D:\TaskManager\TaskManagerPlus\TaskManagerPlus\TaskManagerPlus.csproj]

    3 Warning(s)
    88 Error(s)

Time Elapsed 00:00:00.54
